date,realized_vol,implied_vol_30d,vix_proxy,vol_risk_premium,rv_iv_ratio
2020-01-29,0.17519820702505995,0.2667592578339508,26.675925783395083,4.023270774775245,0.8491797132949139
2020-01-30,0.1711754962898351,0.21525539395979823,21.525539395979823,3.4846071519014754,0.8381175454979646
2020-01-31,0.16733935550583684,0.15700111197546193,15.700111197546192,1.6261458017379966,0.8964245678723505
2020-02-03,0.17111359063006024,0.245055544468811,24.5055544468811,4.657140549828018,0.809955715961336
2020-02-04,0.17241510256994544,0.178825350135696,17.8825350135696,-0.9137037687242777,1.0510947563100501
2020-02-05,0.16885866823404938,0.19214768300636573,19.21476830063657,3.615635809271753,0.8118303716859303
2020-02-06,0.1703395664256852,0.20667564508679878,20.667564508679877,2.3883561687198016,0.8844393993439938
2020-02-07,0.16876026542566996,0.17993897687112906,17.993897687112906,1.5351520745599478,0.9146848503168153
2020-02-10,0.16750099550533076,0.1994011502582805,19.94011502582805,1.4860456448230586,0.9254745700865711
2020-02-11,0.17052777864075766,0.23277783239035799,23.2777832390358,2.629260540951611,0.887048499680912
2020-02-12,0.17366214468305702,0.2919336517420689,29.193365174206892,4.8492979096254825,0.8338904103487882
2020-02-13,0.1770186865900535,0.1875461657381132,18.75461657381132,5.705878569118717,0.6957613851148349
2020-02-14,0.18303282185860695,0.27003125817817947,27.003125817817946,0.4709923191928811,0.9825578593244898
2020-02-17,0.17979564157645583,0.12376314579730369,12.37631457973037,2.184665777820377,0.8234801027602862
2020-02-18,0.18188325698013058,0.1930580946038234,19.30580946038234,1.9129498405246748,0.9009132538860771
2020-02-19,0.17989450631832668,0.25609897845910673,25.609897845910673,5.256629019972367,0.7947422886416654
2020-02-20,0.2005746108735051,0.59806798000294,59.806798000294,4.099143946261863,0.9314602338977969
2020-02-21,0.22570954947552635,0.7085621960047102,70.85621960047102,1.8330264830142218,0.9741303375575228
2020-02-24,0.2505394519144685,0.7276926698165703,72.76926698165703,2.103509550734184,0.9710934349350473
2020-02-25,0.2677093601857323,0.5960205386760186,59.60205386760185,-0.21984665831660255,1.003688575209253
2020-02-26,0.29841284810679103,0.8027703431871895,80.27703431871896,3.543158289213455,0.9558633634228904
2020-02-27,0.3140553585158051,0.6044531342769714,60.445313427697144,4.9433865601476334,0.918217206929355
2020-02-28,0.3447148888515511,0.8699727640677193,86.99727640677193,4.5713304576270435,0.9474543267739448
2020-03-02,0.3561465274226258,0.4117889499556418,41.17889499556418,3.0984886004991496,0.9247554214159238
2020-03-03,0.3788508977530426,0.7047242541375774,70.47242541375775,2.944833822829507,0.9582129633606364
2020-03-04,0.4193186792763149,1.0325308572424416,103.25308572424416,-0.5254942569215215,1.0050893806537167
2020-03-05,0.4333159369032309,0.45473374468285677,45.47337446828568,0.48000096039717,0.9894443514252074
2020-03-06,0.4491092189268227,0.5300681221250539,53.006812212505395,1.5617116230024264,0.970537529841608
2020-03-09,0.4771184624414062,0.7869134629160278,78.69134629160278,3.4131892984244794,0.9566256080334884
2020-03-10,0.5009934939927334,0.7522312622930363,75.22312622930363,6.631490590511668,0.9118423957773729
2020-03-11,0.5254525793676796,0.709722166735448,70.97221667354479,-1.040385311926395,1.0146590505508926
2020-03-12,0.5494714723859518,0.8018502860395132,80.18502860395132,5.401286000998051,0.9326397197202984
2020-03-13,0.5802551349414484,0.7979703605631379,79.79703605631379,2.1026066850783787,0.9736505666251245
2020-03-16,0.6091417365321624,0.9118610651193947,91.18610651193947,3.992109672815003,0.9562201981691992
2020-03-17,0.6391439862162864,0.7905601123265263,79.05601123265264,5.859638094082376,0.9258799172546394
2020-03-18,0.6595163611152253,0.6378694968431745,63.78694968431745,3.6121027766882974,0.9433723858161481
2020-03-19,0.6871821731143283,0.8127767444465522,81.27767444465522,2.8262004206005886,0.9652278385188661
2020-03-20,0.709701213420934,1.0280294890838308,102.80294890838309,-0.19468978952121851,1.001893815222117
2020-03-23,0.7065222286375491,0.6272284947092597,62.722849470925965,0.3755243985774315,0.9940129569726979
2020-03-24,0.6945430174354845,0.47728842393714066,47.72884239371407,2.2194284871268954,0.9534992181704538
2020-03-25,0.7075524045115897,0.9046357819614101,90.46357819614101,3.3219648104015564,0.9632784278862047
2020-03-26,0.7008183572217909,0.6516972575528841,65.16972575528841,2.5773490343603767,0.9604517434362346
2020-03-27,0.6846491582752051,0.2471734346929053,24.71734346929053,3.170734389571253,0.8717202601683043
2020-03-30,0.6844217714151402,0.8521180078724487,85.21180078724487,3.263367244236437,0.9617028719721069
2020-03-31,0.6921422618369766,0.5607508397154813,56.07508397154813,1.7816476906265866,0.9682274628152038
2020-04-01,0.6900764250574474,0.6450210971903254,64.50210971903255,1.3127753651157592,0.9796475592684621
2020-04-02,0.6747721520242161,0.7607932323950771,76.07932323950772,4.439716628127421,0.9416435841029945
2020-04-03,0.6861133996850223,0.7390923997564143,73.90923997564143,5.099246380060096,0.9310066456948999
2020-04-06,0.6993247976627737,0.8031532729030447,80.31532729030447,1.1262909475236782,0.9859766375171126
2020-04-07,0.6902829479463092,0.6145267390547581,61.452673905475805,5.162401316872678,0.9159938699361839
2020-04-08,0.6934593671485615,0.772096193901015,77.20961939010151,1.947503426579844,0.9747764146234151
2020-04-09,0.6876481597499188,0.6401009772800637,64.01009772800637,4.201031279684708,0.9343692412791517
2020-04-10,0.6900255249950602,0.8450394807632667,84.50394807632668,4.727738458576614,0.9440530464410211
2020-04-13,0.6898412013326914,0.8259839131362008,82.59839131362008,5.291041633359006,0.9359425583330152
2020-04-14,0.6703636913898265,0.4984260783279822,49.84260783279822,3.551381873690124,0.9287480726208474
2020-04-15,0.6768033433826505,0.8977232067228517,89.77232067228516,3.052678348784521,0.9659953276697797
2020-04-16,0.6739966215684076,0.5659352095828396,56.59352095828396,2.3127898605649233,0.9591333102905946
2020-04-17,0.6752869463024878,0.8534990079115782,85.34990079115782,4.1887448255349184,0.950922674933339
2020-04-20,0.6606908070501651,0.7341448931949819,73.41448931949819,1.068743051471377,0.985442341676992
2020-04-21,0.6794604967947147,1.0405355200411355,104.05355200411354,2.289878468211093,0.977993269579874
2020-04-22,0.6866134808166079,0.6436224289551984,64.36224289551984,3.831562542956879,0.9404687846385852
2020-04-23,0.67274302876513,0.6142262415427282,61.42262415427282,3.408960076636769,0.9444999277778394
2020-04-24,0.6737045674133764,0.6650252751452322,66.50252751452322,1.8909196322778765,0.971566199016046
2020-04-27,0.6915092318246122,0.6046907357617354,60.469073576173535,1.5326692328590408,0.9746536676979461
2020-04-28,0.6910570434892944,0.8434594938642617,84.34594938642617,3.3471113475851633,0.9603168691332103
2020-04-29,0.6807619727989833,0.35947351680227707,35.947351680227705,3.2735638489594656,0.9089344918068043
2020-04-30,0.6600297782576432,0.22971108267474633,22.971108267474634,3.319382450372135,0.8554975053131358
2020-05-01,0.6334133473897401,0.1775764684851107,17.75764684851107,2.0125450597269694,0.8866660049669973
2020-05-04,0.607651978257432,0.18747977108775066,18.747977108775064,4.036858691040793,0.7846776392130688
2020-05-05,0.5789785080208544,0.2070551805280998,20.70551805280998,1.7307692068423308,0.9164102437607232
2020-05-06,0.5612116478760123,0.21281668540615817,21.28166854061582,2.3018022561809266,0.891841081361268
2020-05-07,0.5329783675593427,0.2048947448682594,20.48947448682594,4.517247188310461,0.7795332822608553
2020-05-08,0.5121720724780118,0.16585012590319143,16.585012590319142,0.4691658127924353,0.9717114587500348
2020-05-11,0.4831968296835739,0.2609458591677381,26.09458591677381,7.1663861673432665,0.7253688489175582
2020-05-12,0.45219697870916903,0.13087087292409533,13.087087292409533,0.8794246583988308,0.932802109533655
2020-05-13,0.4360440829679241,0.16537209180977605,16.537209180977605,4.167064278483826,0.748018892856655
2020-05-14,0.40195197858291914,0.1899936268597022,18.99936268597022,3.873139570979964,0.796143710976157
2020-05-15,0.384268873961697,0.1885224220561557,18.852242205615568,1.706030812462958,0.9095051509599862
2020-05-18,0.35478433791253944,0.25750859557636546,25.750859557636545,6.507229295244529,0.7473005015355001
2020-05-19,0.3317156134362401,0.240385464393647,24.0385464393647,0.13712157156649252,0.9942957627695015
2020-05-20,0.29346178722524285,0.2614064432281605,26.140644322816048,4.7100058300079715,0.8198205915721446
2020-05-21,0.27290443747647297,0.2108875211940483,21.08875211940483,3.7285062392585386,0.8231992951433219
2020-05-22,0.2538140903768316,0.19515450408326207,19.515450408326206,1.5915152399369636,0.9184484494778584
2020-05-25,0.22970850688121422,0.171307825581392,17.1307825581392,3.140900016690434,0.816651690836031
2020-05-26,0.21017971788726944,0.23792573564066963,23.792573564066963,5.866626108036524,0.7534261650073588
2020-05-27,0.17963044522321153,0.16277060604519444,16.277060604519445,-0.5683048398000018,1.034914463588236
2020-05-28,0.1732576292280135,0.23094034095073626,23.094034095073628,3.803159853721269,0.8353185139476108
2020-05-29,0.17089541513691262,0.16334652786101922,16.334652786101923,1.6435765603112162,0.8993809919418901
2020-06-01,0.17295840764557005,0.24964758239763088,24.96475823976309,4.8873721827984,0.8042291403001073
2020-06-02,0.17744404442379674,0.2788308778071529,27.883087780715286,3.752132128704977,0.865433406866077
2020-06-03,0.17677271611913242,0.19145134736254393,19.145134736254395,1.5801753300818233,0.9174633476415548
2020-06-04,0.17707127831149472,0.20964872772823612,20.96487277282361,1.3580258844278466,0.9352237478784879
2020-06-05,0.17935144434403233,0.23202840362538152,23.20284036253815,2.4422643956937025,0.8947428695136468
2020-06-08,0.17948443069399897,0.20134107531896686,20.134107531896685,3.738989419440031,0.8142957459864223
2020-06-09,0.1794692736358138,0.21966324699784998,21.966324699784998,3.0699547725433316,0.8602426753450758
2020-06-10,0.1822515150496788,0.22581521462778206,22.581521462778205,4.531151859651028,0.7993424904021698
2020-06-11,0.18511844814096526,0.2511735563824211,25.11735563824211,6.726651244046786,0.732191105587357
2020-06-12,0.18501451373600708,0.20001172908151293,20.001172908151293,5.093212043573159,0.7453543316203488
2020-06-15,0.18546776578547527,0.19072914531747515,19.072914531747514,0.9748738347117453,0.9488870023986615
2020-06-16,0.1858241290724228,0.23127634267197314,23.127634267197315,3.1356411022155166,0.8644201535708778
2020-06-17,0.18577800981689038,0.26365464192385857,26.365464192385858,2.5608897612056896,0.9028695363556218
2020-06-18,0.18597155496523932,0.2261351871141069,22.61351871141069,0.7764354070698642,0.9656649892934142
2020-06-19,0.1903774997032869,0.3069854451299842,30.69854451299842,4.085814682952199,0.8669052638237563
2020-06-22,0.18895210664617193,0.20770430021871603,20.770430021871604,5.839820273423801,0.71883970301653
2020-06-23,0.19252324950590238,0.2258385439005709,22.58385439005709,1.0945718431743772,0.9515329923639483
2020-06-24,0.19290773549015144,0.19862368053846752,19.86236805384675,1.1290000308933457,0.9431588404850503
2020-06-25,0.1976286146751758,0.3084146095366277,30.841460953662768,4.082249220792078,0.8676376184991565
2020-06-26,0.19547429687385534,0.2050708931882606,20.50708931882606,5.740282460246668,0.7200830224610699
2020-06-29,0.19545050468599162,0.16622838810418333,16.622838810418333,1.9817261791414382,0.8807829275286364
2020-06-30,0.1933195729532579,0.18334452695184045,18.334452695184044,2.732023276960133,0.8509896465206316
2020-07-01,0.18635455459647243,0.10244697557100922,10.244697557100922,0.7402804543401503,0.9277401357908278
2020-07-02,0.1855602786474745,0.19133277488180717,19.133277488180717,3.2362975749037624,0.8308550337545183
2020-07-03,0.1833491464881362,0.19886773069107017,19.886773069107015,4.923303715321809,0.752433253086702
2020-07-06,0.1823210508591173,0.22086376297116617,22.086376297116615,3.4848011512117862,0.8422194250277838
2020-07-07,0.1837362440927611,0.21710041226399932,21.71004122639993,2.343017323291294,0.89207679069526
2020-07-08,0.18688306001162866,0.2775099699918549,27.75099699918549,2.2463136423219456,0.9190546688326954
2020-07-09,0.18866940560668438,0.23576987281218106,23.576987281218106,1.7752919284739073,0.9247023418514485
2020-07-10,0.18738449178913918,0.18972120158852077,18.972120158852075,3.279734781501689,0.8271287155024991
2020-07-13,0.18714562533677176,0.179319188419915,17.9319188419915,3.5255775273849324,0.803390950045512
2020-07-14,0.18803592818867187,0.23819917655092368,23.819917655092368,3.852240969066345,0.8382764783301931
2020-07-15,0.18457263009673644,0.18150285322009974,18.150285322009974,5.431218150092542,0.700764034628901
2020-07-16,0.18529703992161134,0.28456685807267673,28.45668580726767,3.130850743850261,0.8899783774872807
2020-07-17,0.18571641000663244,0.2816278673479704,28.16278673479704,5.445026251911894,0.8066588259469297
2020-07-20,0.18072144217879196,0.1728044040846205,17.28044040846205,1.157143016880871,0.9330374116903739
2020-07-21,0.17891994319554846,0.14541324684601012,14.541324684601012,3.3938628009645226,0.7666056652624943
2020-07-22,0.17983718460020512,0.26820983475191496,26.820983475191497,3.4054939785298446,0.8730287432718561
2020-07-23,0.17926979059831755,0.20883671829878378,20.883671829878377,3.3418312108888513,0.839978752869135
2020-07-24,0.17745648274832856,0.28419201459536225,28.419201459536225,5.46793621164238,0.8075971198758795
2020-07-27,0.1759590934655872,0.12972054050534915,12.972054050534915,1.3497646857123833,0.8959482684504599
2020-07-28,0.1764168969307815,0.16669667428008167,16.669667428008168,1.0671675198232589,0.9359814750694896
2020-07-29,0.17756858520728094,0.18203718081608258,18.203718081608258,0.18274328273552576,0.9899612111154283
2020-07-30,0.18170358771789913,0.2263233758992368,22.63233758992368,4.444415214864711,0.8036254453519885
2020-07-31,0.18184775828971156,0.20833805187559948,20.833805187559946,4.634067073476925,0.7775698182949331
2020-08-03,0.18448010608761858,0.28466818503451263,28.466818503451265,7.975418774061269,0.7198345585020559
2020-08-04,0.18216007900979228,0.17402210285024247,17.402210285024246,3.6726920025546255,0.7889525558879599
2020-08-05,0.18123791622731905,0.2277233084494936,22.77233084494936,5.341848785034534,0.7654237143573165
2020-08-06,0.17789339202254956,0.19458527215677765,19.458527215677766,0.9773446888301701,0.9497729361530136
2020-08-07,0.1770629443956404,0.221067491471915,22.1067491471915,2.0489938109565067,0.9073136535221048
2020-08-10,0.17951726541230953,0.22145387512667072,22.14538751266707,1.298928000311514,0.9413454382061035
2020-08-11,0.17908635603994857,0.15229252357925768,15.229252357925768,1.727820725277246,0.8865459259148704
2020-08-12,0.1752272449118683,0.15039644281555564,15.039644281555564,3.1761009644980547,0.78881807940144
2020-08-13,0.18017564496695243,0.2547972791726606,25.47972791726606,2.369020629672025,0.907023315265989
2020-08-14,0.1773201311500481,0.18766494924285979,18.76649492428598,-0.5627611236323882,1.0299875456713077
2020-08-17,0.17364788989809032,0.18962287827632454,18.962287827632455,3.9562339738586694,0.7913630459667679
2020-08-18,0.17749613299833267,0.25674070393199533,25.674070393199532,1.4694624911094412,0.9427647245409646
2020-08-19,0.1809795790238255,0.19692834738923348,19.69283473892335,1.2301362017519135,0.9375338178550536
2020-08-20,0.18064705485220342,0.29286480855668967,29.286480855668966,6.569292119413661,0.7756885795944976
2020-08-21,0.1809938326172753,0.18911275813543993,18.911275813543995,0.6412018879035586,0.9660942025157109
2020-08-24,0.1825613214037677,0.2429422801220271,24.29422801220271,-1.9487636873252416,1.0802150900348182
2020-08-25,0.18894183283469643,0.25905012689841944,25.905012689841943,0.8836493200691242,0.9658888675080393
2020-08-26,0.18960928211941014,0.1986169036071367,19.86169036071367,2.8575469546299663,0.8561277060142786
2020-08-27,0.19144990545509807,0.26468357482036026,26.468357482036026,4.582073678218604,0.8268848499069714
2020-08-28,0.19258970613285123,0.21028158449031473,21.028158449031473,0.4466546506908836,0.9787592122356555
2020-08-31,0.19605389095001616,0.29172834202510745,29.172834202510746,5.69830797238135,0.8046707449531617
2020-09-01,0.1930295606777731,0.15916460796614298,15.916460796614299,1.7761546389347154,0.8884076892701841
2020-09-02,0.19636988808611797,0.23763033414805584,23.763033414805584,3.0188275748118274,0.8729611863049882
2020-09-03,0.1986571337468244,0.2960069435443023,29.600694354430228,7.366996407031879,0.7511208244366981
2020-09-04,0.19507801923609105,0.11841651747930661,11.84165174793066,0.8766096936231191,0.9259723464020712
2020-09-07,0.1918443100042348,0.16570131980852765,16.570131980852764,3.303166031515867,0.800655418114185
2020-09-08,0.18660460132642717,0.12349317283008501,12.349317283008501,2.5062459940489044,0.7970538826873237
2020-09-09,0.1882336208643192,0.23001979697910002,23.001979697910002,6.079607035688234,0.7356920093168922
2020-09-10,0.19252249024818888,0.2582434039702808,25.824340397028077,4.954171373844229,0.8081588417098791
2020-09-11,0.19295045259142227,0.2578884532351758,25.788845323517577,1.7794171151334663,0.9310005123218617
2020-09-14,0.19245860643607024,0.19684877679660032,19.684877679660033,1.3884985579809328,0.9294636938782892
2020-09-15,0.19698641992583757,0.2763834225177582,27.63834225177582,3.123880069490653,0.8869729580365864
2020-09-16,0.191403080052052,0.14000267958984125,14.000267958984125,1.5206737918436908,0.8913825223703766
2020-09-17,0.18793820943557962,0.1562479363081932,15.624793630819319,4.43832338823994,0.7159435514408643
2020-09-18,0.18558612394422638,0.19495121497941462,19.49512149794146,1.7173122935279368,0.9119106647419831
2020-09-21,0.18618907054904388,0.2526696845441711,25.26696845441711,5.730706658659882,0.7731937383387182
2020-09-22,0.18220156069575613,0.22015875381439753,22.015875381439752,4.146654373816128,0.8116516240225488
2020-09-23,0.17492006937674073,0.1463188100663096,14.631881006630959,4.901649406790466,0.6650021002378909
2020-09-24,0.1752245343462003,0.21593415519885847,21.59341551988585,3.9498956779370014,0.8170786981661398
2020-09-25,0.1708892192005637,0.14228473720027573,14.228473720027573,1.4463517220469875,0.8983480765044288
2020-09-28,0.17093549843722067,0.250076249583329,25.0076249583329,4.328934763012748,0.8268954060921213
2020-09-29,0.16902686355829588,0.20291577288551502,20.2915772885515,0.8251843041641088,0.9593336539378002
2020-09-30,0.1690745657949678,0.16337974409686995,16.337974409686996,2.097493554996416,0.8716185065296231
2020-10-01,0.16678900698099614,0.1891267651408593,18.91267651408593,2.9681441834327056,0.8430605958272449
2020-10-02,0.1627554107738751,0.18963863450853835,18.963863450853836,5.200717538409644,0.7257564339730844
2020-10-05,0.16598600199130356,0.15968775807748273,15.968775807748273,-1.7805078031590398,1.1114993299796414
2020-10-06,0.1700591464354312,0.287243676385441,28.724367638544102,6.9037983565391485,0.7596535999185858
2020-10-07,0.1720658247810018,0.18567208164662524,18.567208164662524,4.510112350004699,0.7570925951814105
2020-10-08,0.17353906925712065,0.23275378828939286,23.275378828939285,3.2591927668679075,0.8599725146979944
2020-10-09,0.17116230759203796,0.20769170702375614,20.769170702375614,4.890201175865378,0.7645451883494786
2020-10-12,0.16679044114564107,0.16870851840838114,16.870851840838114,2.0423431698874897,0.8789424986269081
2020-10-13,0.16644544087826138,0.2185915144458665,21.85915144458665,4.287272884404883,0.8038682839417075
2020-10-14,0.16137142589161252,0.19315967197575878,19.31596719757588,5.456936487253375,0.7174909011059922
2020-10-15,0.1629456204685034,0.2189025922303924,21.89025922303924,6.10485644442797,0.721115388254394
2020-10-16,0.16390848627186777,0.15938462028343517,15.938462028343517,2.729973598698912,0.8287178779330042
2020-10-19,0.16775662499913066,0.29054322353924766,29.054322353924768,3.195421822259209,0.8900190552257861
2020-10-20,0.16709224043347812,0.21483904639605295,21.483904639605296,3.3428504317183805,0.8444021006518583
2020-10-21,0.1658217056527191,0.18104217279053925,18.104217279053923,2.903119311024269,0.8396440306544986
2020-10-22,0.1701672713875269,0.2345772958699818,23.45772958699818,4.601809944061292,0.8038254330200857
2020-10-23,0.17012306565385443,0.2187699827415802,21.87699827415802,4.326310472921338,0.8022438719103548
2020-10-26,0.17218687498903848,0.13173292564651,13.173292564651002,-3.9428290372161054,1.2993047499602512
2020-10-27,0.17208114956277826,0.25122587455030976,25.122587455030974,4.665920654857275,0.8142738814937276
2020-10-28,0.172825739017922,0.2444831303592935,24.44831303592935,3.41828219574013,0.8601833103692428
2020-10-29,0.1736055078535731,0.18627457378110776,18.627457378110776,2.7494619685528883,0.8523973555411918
2020-10-30,0.17348750533298643,0.20160811553507507,20.160811553507507,4.464084516086228,0.7785761498619046
2020-11-02,0.17498114690391467,0.20911028272581894,20.911028272581895,4.01123506118847,0.8081760968948658
2020-11-03,0.17071592391827198,0.1281052904517692,12.810529045176919,4.018213704119258,0.6863350693832516
2020-11-04,0.1660105269988438,0.15771472551675111,15.771472551675112,3.8322368004693215,0.757014648574315
2020-11-05,0.17049167045366295,0.2624601419561504,26.246014195615043,2.7785171258369434,0.8941356540795762
2020-11-06,0.17266485368791717,0.2557227046925667,25.57227046925667,0.9923996152515352,0.9611923541773653
2020-11-09,0.173200513838043,0.17787403171160243,17.787403171160243,0.7835473293857559,0.9559493130140454
2020-11-10,0.17580895154341084,0.23206886497467666,23.206886497467664,2.9006586452446,0.8750087115063402
2020-11-11,0.176605676332931,0.23746393334101595,23.746393334101594,4.501392715927452,0.8104388884410874
2020-11-12,0.18444210134412073,0.33452585454732814,33.45258545473281,3.1370622209118624,0.906223624324737
2020-11-13,0.1876291950903717,0.25715759212757056,25.715759212757057,3.2374595670187496,0.8741060086838613
2020-11-16,0.18966721471152995,0.20968618881136716,20.968618881136717,3.480289247059784,0.8340239160820154
2020-11-17,0.18410480409530744,0.17874884623047688,17.874884623047688,3.6970463854493927,0.793170895174201
2020-11-18,0.18097773767201353,0.1403783598476511,14.03783598476511,2.4636212657954,0.8245013498897478
2020-11-19,0.1826980979460322,0.22879944116367773,22.879944116367774,4.066089572898882,0.8222858608299617
2020-11-20,0.1808498490774255,0.17399199552655908,17.399199552655908,2.4246025337931214,0.8606486162506817
2020-11-23,0.17835475258236486,0.1750636314389052,17.506363143890518,5.195377982281216,0.7032291664705738
2020-11-24,0.177544079659109,0.2044964736623848,20.44964736623848,5.035938903208587,0.753739572471909
2020-11-25,0.174314146890237,0.1912079580393792,19.12079580393792,5.446987818395502,0.7151275567058931
2020-11-26,0.1760848781759994,0.28719937178893307,28.719937178893307,3.97137063860305,0.8617207755760111
2020-11-27,0.17877467037516123,0.272331073430082,27.2331073430082,5.7065483152104,0.7904554833447791
2020-11-30,0.17985628104054804,0.21394872857310065,21.394872857310066,3.426763422576537,0.8398324941947154
2020-12-01,0.18319913025205598,0.2694319033492127,26.94319033492127,3.0234137793611673,0.8877856058700481
2020-12-02,0.18773111019945254,0.21587123420692605,21.587123420692606,3.2776501901021327,0.8481664218883235
2020-12-03,0.18897664707730075,0.16339593981034367,16.339593981034366,1.7847307863474215,0.890772635573504
2020-12-04,0.18927426576268194,0.28352163617063936,28.352163617063937,4.259667307985307,0.849758651032135
2020-12-07,0.1871674892487455,0.2382789929094525,23.82789929094525,3.6722591162066163,0.8458840592128029
2020-12-08,0.18566613664918344,0.16236129922198644,16.236129922198643,2.385114539504471,0.8530983337203126
2020-12-09,0.1842053830470132,0.18500398576668672,18.500398576668672,1.2617532890031065,0.9317985888912503
2020-12-10,0.18194468131762598,0.13368797368566754,13.368797368566753,-1.128729617894217,1.0844301537958927
2020-12-11,0.17344624219492205,0.16081457119343917,16.081457119343916,3.6126560432012624,0.7753526924587136
2020-12-14,0.17307786626367835,0.24852039600938142,24.85203960093814,3.1473294108115777,0.8733572993866963
2020-12-15,0.17695850289596576,0.2679791105026992,26.797911050269917,1.1602444883893948,0.9567039204580945
2020-12-16,0.17611464168983487,0.16535580906984101,16.5355809069841,4.129851202260667,0.7502445650085174
2020-12-17,0.18024686179830754,0.26246859081245716,26.246859081245717,5.994982134483434,0.7715923983160692
2020-12-18,0.17861999283642363,0.1668149240150953,16.68149240150953,1.284062677996839,0.9230247122325432
2020-12-21,0.17913280304884194,0.16766402787339157,16.766402787339157,0.7149043223979412,0.9573609001605408
2020-12-22,0.18071348835428727,0.1736520195122063,17.36520195122063,1.7347776481761086,0.9001003470590696
2020-12-23,0.18029935904869246,0.15329215788764874,15.329215788764875,0.7851788674841403,0.948778927878384
2020-12-24,0.18245187263261475,0.2205059885826837,22.05059885826837,3.856512346489063,0.8251062308431149
2020-12-25,0.1776555073916936,0.16971844660567,16.971844660567,2.2956451262111517,0.8647380310082063
2020-12-28,0.17649134942756103,0.21207409458549434,21.207409458549435,2.1255821554300782,0.8997717208419729
2020-12-29,0.17641084377397526,0.16538118643619926,16.538118643619924,-1.260928918583526,1.0762437944578398
2020-12-30,0.1731367634201535,0.20869680176330008,20.869680176330007,3.8254723637956483,0.8166971256160204
2020-12-31,0.17126070252550737,0.14950250122706088,14.950250122706088,0.5805047708724809,0.961170899074737
2021-01-01,0.1718026318031453,0.15853364933123892,15.853364933123892,0.16045025539722368,0.9898791041476639
2021-01-04,0.17034028351468078,0.26490602334741975,26.490602334741975,5.4690374314389505,0.7935480151666313
2021-01-05,0.17026791616980402,0.2613342629847217,26.133426298472166,6.129757547974646,0.7654437853664443
2021-01-06,0.17038161314033337,0.14750247697202132,14.750247697202132,0.6604686763963363,0.955223214555128
2021-01-07,0.17093336739464354,0.16886880037726262,16.88688003772626,-1.510449183990639,1.0894451302203965
2021-01-08,0.17403242525513218,0.23109668463300137,23.10966846330014,2.1041199698129813,0.908950663954592
2021-01-11,0.17348650992149975,0.18718868525591656,18.718868525591656,7.396489650077144,0.604864490609303
2021-01-12,0.17275733400692506,0.2692914899370201,26.92914899370201,6.755708224182272,0.7491302741961046
2021-01-13,0.16785820943660892,0.18820687815375073,18.820687815375074,3.471182851158461,0.8155655688458544
2021-01-14,0.17160900227929904,0.2356847104010991,23.56847104010991,3.286076365737273,0.860573205612495
2021-01-15,0.16908285295885503,0.19332934047719824,19.332934047719824,4.385970673889891,0.7731347625216162
2021-01-18,0.1668843014702023,0.10983426858909288,10.983426858909288,0.20295526156736549,0.9815216813318389
2021-01-19,0.16471207850997666,0.14792543533538022,14.792543533538021,3.3027132850706726,0.7767312107223021
2021-01-20,0.16593203826407235,0.22082472992167426,22.082472992167425,3.890133205521898,0.8238361615158902
2021-01-21,0.16807244449531294,0.231746571493908,23.1746571493908,4.135767142504873,0.8215392307275798
2021-01-22,0.16625751448950488,0.21303570280513945,21.303570280513945,6.92083678093158,0.6751325392973231
2021-01-25,0.16905664320414948,0.2405159422836853,24.05159422836853,3.4972243932590352,0.8545949029385292
2021-01-26,0.16537668722691365,0.13509595814497452,13.509595814497452,2.155676063573292,0.840433711476402
2021-01-27,0.16534651258082186,0.20749577827620225,20.749577827620225,3.013897022209491,0.8547489955097965
2021-01-28,0.1634949541943532,0.12441716277219893,12.441716277219893,-0.7142189237302796,1.0574051768917103
2021-01-29,0.16398205429766644,0.1663356972302984,16.63356972302984,1.240914154238476,0.9253970028742309
2021-02-01,0.16517094953935166,0.19291086762396029,19.291086762396027,1.1014920771303727,0.9429015020927953
2021-02-02,0.1620932265086665,0.177500294916485,17.7500294916485,3.191682952784311,0.8201871746587228
2021-02-03,0.16040661178132515,0.17584663189290956,17.584663189290957,1.1228853662102578,0.9361440504078523
2021-02-04,0.16418536997944516,0.24945131681601385,24.945131681601385,2.9199604447436247,0.8829446770610844
2021-02-05,0.1628973239319168,0.21760327920156952,21.760327920156953,6.067895398249548,0.7211487151979563
2021-02-08,0.1630579048627613,0.2404089845865524,24.040898458655242,2.6981300103946726,0.8877691690668371
2021-02-09,0.1640859018655494,0.13864085011834307,13.864085011834307,0.38291243046477963,0.9723809807760175
2021-02-10,0.16406008088561674,0.22266064074924463,22.266064074924465,2.1468473632633325,0.9035820899446229
2021-02-11,0.16806806637057625,0.2693487634713125,26.934876347131247,3.1686018644996485,0.8823606307427089
2021-02-12,0.1622733174777754,0.11340471176563378,11.340471176563378,3.227049177072537,0.715439585637176
2021-02-15,0.16220924871791262,0.159965052607435,15.996505260743499,1.1840862826254073,0.9259784394575711
2021-02-16,0.16674630438999843,0.23851308973972626,23.851308973972625,3.5430204652504655,0.8514538355476954
2021-02-17,0.16945963210778925,0.20397156574964773,20.39715657496477,3.2093381191367425,0.842657573013101
2021-02-18,0.17007498625390338,0.1954121299389731,19.54121299389731,0.05662950041207537,0.9971020478396218
2021-02-19,0.16842982875211804,0.15757573293959037,15.757573293959037,0.17351404082232014,0.9889885303031501
2021-02-22,0.1703172695379796,0.20305010521964842,20.305010521964842,1.9586513720732417,0.9035385197188408
2021-02-23,0.16880437488241873,0.21475418050150336,21.475418050150335,4.098126991718654,0.8091712588714908
2021-02-24,0.1741935217851402,0.2656116942750543,26.561169427505433,3.8900411808662048,0.8535440545461123
2021-02-25,0.1748039991983755,0.21772751527688508,21.77275152768851,2.7550681544836557,0.873462563930883
2021-02-26,0.1777537494113996,0.24138257166914628,24.138257166914627,4.7878465186138195,0.8016490384742302
2021-03-01,0.17821081444317044,0.21081588492971265,21.081588492971264,4.729096357461135,0.7756764695868223
2021-03-02,0.17719175749957253,0.20450773401047623,20.450773401047623,4.401198297337597,0.7847906183776826
2021-03-03,0.1780067197423617,0.19066846111991997,19.066846111991996,2.797078863270483,0.8533014402674979
2021-03-04,0.17949054390732957,0.22792701622559333,22.792701622559335,3.214893053046147,0.8589507682641635
2021-03-05,0.17677192049773965,0.18085250956121704,18.085250956121705,1.7691888794027555,0.9021750439794755
2021-03-08,0.17842271426234838,0.1968151460262315,19.681514602623153,0.5224151750374995,0.9734565562871939
2021-03-09,0.1807840641415489,0.28472871005350997,28.472871005350996,2.1712678107692396,0.923742575507711
2021-03-10,0.18459517187124286,0.26663843726876657,26.663843726876657,5.1793449131498885,0.8057540028285868
2021-03-11,0.1829650238520369,0.2113642687657211,21.13642687657211,4.440521005243475,0.7899114627474993
2021-03-12,0.18250720537871506,0.26751167722731,26.751167722731,3.9463120340752225,0.8524807561681892
2021-03-15,0.18643781323986885,0.1984942904273902,19.84942904273902,3.481730534825225,0.8245929126057733
2021-03-16,0.1840735669928072,0.13303462749348408,13.303462749348407,3.455960890059824,0.7402209518548775
2021-03-17,0.18105421758690632,0.17202624345583392,17.20262434558339,3.234969589253009,0.8119490651969299
2021-03-18,0.17787755752027232,0.13090594942181621,13.090594942181621,2.573762626285045,0.803388414533273
2021-03-19,0.17650106350615302,0.18586236473355022,18.586236473355022,1.9922904095202587,0.8928082932563363
2021-03-22,0.17768659410787757,0.2321815154022797,23.218151540227968,5.144478023469762,0.7784286137267906
2021-03-23,0.18071487510750112,0.2863480212364251,28.634802123642512,3.9290528745413806,0.8627874969215403
2021-03-24,0.18163412198208445,0.23810580365553044,23.810580365553044,4.502870870496395,0.8108878153591446
2021-03-25,0.17899244085738225,0.1770067747765916,17.70067747765916,0.5770795928946193,0.9673978810346113
2021-03-26,0.1800876498819199,0.24753184327575745,24.753184327575745,3.435562002841788,0.8612072710574665
2021-03-29,0.1752329108893807,0.13532699569888754,13.532699569888754,4.3772408059202945,0.6765434137280358
2021-03-30,0.17646622807839218,0.18981118940293065,18.981118940293065,0.0386607078588036,0.9979632018544105
2021-03-31,0.17886331649355305,0.2106358328370302,21.063583283703018,-0.019877491844846884,1.000943689949479
2021-04-01,0.17687088209743834,0.15539368412403415,15.539368412403414,3.4537133955227812,0.7777442876786388
2021-04-02,0.1782981238133024,0.21527128694602413,21.527128694602414,-1.047887478225304,1.0486775311789744
2021-04-05,0.17974475407675894,0.22094520140997503,22.094520140997503,2.740534511019849,0.8759631576729903
2021-04-06,0.17840177737047852,0.16623907045840508,16.623907045840507,0.28505870144371337,0.9828524846380781
2021-04-07,0.17565393178468966,0.2188559004736741,21.88559004736741,1.3544625829422703,0.9381116716519509
2021-04-08,0.1783197758882567,0.3389063909782465,33.890639097824646,6.8078676666070645,0.7991224760631899
2021-04-09,0.17928718500678306,0.21635800133745406,21.635800133745406,2.908335113511426,0.8655776492880756
2021-04-12,0.1774719596051381,0.21269713920208616,21.269713920208616,2.2768315750072707,0.8929542924954893
2021-04-13,0.17737427288795962,0.19897929388919444,19.897929388919444,3.735372987080421,0.8122732816028316
2021-04-14,0.17963766367979406,0.17960279183633232,17.960279183633233,3.3596566614923997,0.8129396193042493
2021-04-15,0.18313942011305434,0.2404832870010136,24.048328700101358,2.726985433924378,0.8866039520695306
2021-04-16,0.1850721974370867,0.16410708354921996,16.410708354921997,1.8350436585574643,0.8881801066187928
2021-04-19,0.18587806357282136,0.23789417557919015,23.789417557919016,5.503152609041445,0.7686722427884933
2021-04-20,0.18493315723766962,0.1933928670691703,19.33928670691703,3.249916493977498,0.8319526183550964
2021-04-21,0.18265228583475746,0.20481849929671184,20.481849929671185,0.5659306266856179,0.9723691644734797
2021-04-22,0.18266511389480083,0.22322430205658694,22.322430205658694,2.987781784510901,0.8661533821817705
2021-04-23,0.18505871479588037,0.2781061756798703,27.810617567987027,5.660457790955431,0.796464146216184
2021-04-26,0.1825074348339028,0.19201299464793942,19.20129946479394,3.2413650602129307,0.8311903282298131
2021-04-27,0.18620507364097805,0.19294952624676706,19.294952624676707,2.374452365850191,0.8769391968958008
2021-04-28,0.1838919721669002,0.17960694964555504,17.960694964555504,3.8757498276847353,0.7842093618686067
2021-04-29,0.18157738463554196,0.17389679779556524,17.389679779556523,1.1668528198609724,0.9328996948389622
2021-04-30,0.18511240699520806,0.24812851321018523,24.812851321018524,5.303649348839115,0.7862539342930537
2021-05-03,0.18437571094461458,0.2300787466922518,23.00787466922518,1.9799202026437757,0.9139459758405207
2021-05-04,0.1819744505033345,0.19719928029833408,19.719928029833408,5.408589326543911,0.7257297633966262
2021-05-05,0.18442186733001348,0.24864913007936568,24.86491300793657,3.386489327513928,0.8638044972675752
2021-05-06,0.18579873588753473,0.26249956504858557,26.249956504858556,2.8274050696387554,0.8922891522081022
2021-05-07,0.18226110168833343,0.2321406505974305,23.21406505974305,3.5603254468482475,0.846630676803675
2021-05-10,0.18548953894071354,0.2857612603113698,28.57612603113698,3.0689427809047154,0.8926046596532802
2021-05-11,0.1835428536351823,0.18653287762538204,18.653287762538202,3.748444558952496,0.7990464412134048
2021-05-12,0.18204705591371337,0.15984640862360727,15.984640862360727,2.9632596756063947,0.8146183138475118
2021-05-13,0.18027776852430483,0.1388477527299952,13.88477527299952,2.999656268616635,0.7839607620837913
2021-05-14,0.1815457847051523,0.2617853131754289,26.17853131754289,2.1943540715861602,0.9161773422286807
2021-05-17,0.1844228313380341,0.22743108201046988,22.743108201046986,2.1256455756307577,0.9065367162289232
2021-05-18,0.1841806391320725,0.17718277829079954,17.718277829079952,-0.05938348727822507,1.0033515383295752
2021-05-19,0.18562373641413904,0.18623083994691234,18.623083994691232,-0.4967905105880466,1.0266760602448908
2021-05-20,0.18256760522738708,0.18723058718490662,18.723058718490662,5.225014907684169,0.7209315536395766
2021-05-21,0.186590633559444,0.3256185330638093,32.561853306380925,4.778845387913622,0.8532379179112283
2021-05-24,0.18486050258366749,0.22661510548698474,22.661510548698473,4.144625820797565,0.8171072571755106
2021-05-25,0.18604033342835252,0.22049231543892753,22.049231543892752,3.611652365473181,0.8362005334161614
2021-05-26,0.1879367935410993,0.2363180845343855,23.63180845343855,2.7287419578437806,0.8845309717527464
2021-05-27,0.19071731344113552,0.22844607713649182,22.844607713649182,2.9205707867023283,0.8721549162362132
2021-05-28,0.1919900320780027,0.21416998406433516,21.416998406433514,2.521462309316991,0.8822681749577214
2021-05-31,0.1897656988427833,0.16299669698195648,16.299669698195647,1.4615675199768974,0.9103314639474755
2021-06-01,0.18922185072943215,0.23800591993531364,23.800591993531363,3.9147185649873824,0.8355201179007924
2021-06-02,0.19456316467353243,0.2741124825408345,27.411248254083446,1.8831502681833145,0.9313000907245156
2021-06-03,0.19546947729457875,0.2865355099369554,28.653550993695543,5.271870809075632,0.8160133517051493
2021-06-04,0.19592195113807295,0.28988845934614227,28.988845934614226,4.616099428056638,0.8407629114153603
2021-06-07,0.1941607119387303,0.19036223257667326,19.036223257667327,3.0810859633920664,0.8381461531687447
2021-06-08,0.18870090120955577,0.18279947261121607,18.279947261121606,4.23836654215593,0.7681412051351906
2021-06-09,0.18993519126480132,0.22458891532929035,22.458891532929034,4.9620392133276265,0.779061259276651
2021-06-10,0.19241210481832535,0.20916178239521324,20.916178239521326,2.693278590366546,0.871234670142676
2021-06-11,0.19788431770856388,0.25420380969299755,25.420380969299757,3.0436148954159608,0.8802687143402084
2021-06-14,0.1918109673443658,0.14085443723159852,14.085443723159852,2.8553022420191296,0.7972870221103275
2021-06-15,0.19347798575028302,0.3075371524365918,30.75371524365918,6.635513965816725,0.7842369966280793
2021-06-16,0.19328289388805725,0.18830093518135876,18.830093518135875,1.4621251124518342,0.9223516807793007
2021-06-17,0.19193651351421487,0.17285239765187535,17.285239765187534,0.9927640449772152,0.9425657926379105
2021-06-18,0.19215248431809717,0.15928662672102073,15.928662672102073,1.9770801731427423,0.8758790857812905
2021-06-21,0.18434180117241605,0.1474386071962266,14.74386071962266,3.363287407085737,0.7718855684380194
2021-06-22,0.1856636095571526,0.23720739914908817,23.72073991490882,2.4280575790611603,0.8976398886471879
2021-06-23,0.18559489179064498,0.21020918939087874,21.020918939087874,2.7276470703342577,0.8702413020934938
2021-06-24,0.18175541079323598,0.14689977390767459,14.689977390767458,1.8498209897316737,0.8740759811588088
2021-06-25,0.17837238602409247,0.16988245137749436,16.988245137749438,4.1685602260039,0.7546209045017265
2021-06-28,0.17730635036015102,0.19380276638141675,19.380276638141673,2.7234154353021873,0.8594748936688383
2021-06-29,0.1819911046091695,0.277646796259756,27.764679625975603,3.088593524818031,0.8887581788651918
2021-06-30,0.18059860992631313,0.21727119956466268,21.727119956466268,4.765485361920688,0.7806664955378765
2021-07-01,0.1741506719270881,0.11299749951240759,11.29974995124076,-0.687678236286815,1.0608578277620475
2021-07-02,0.1711198850504387,0.1982449988691901,19.824499886919007,2.8074721432627876,0.8583837090833616
2021-07-05,0.16756577039065382,0.2110780334439725,21.10780334439725,4.198697623387932,0.8010831560782751
2021-07-06,0.16340258759730072,0.09548088283480591,9.54808828348059,2.335634855246878,0.7553819376295647
2021-07-07,0.16518413036633076,0.202107449090902,20.2107449090902,2.42792437516145,0.8798696244951644
2021-07-08,0.16498384920421832,0.1942559873784798,19.42559873784798,2.349336858682691,0.8790597453191831
2021-07-09,0.16620381387569397,0.22464053669092698,22.4640536690927,1.6792282098390259,0.9252482105600824
2021-07-12,0.16764146068802616,0.28901409142989487,28.901409142989486,3.505584763208108,0.8787054033986974
2021-07-13,0.17301104099138348,0.25633808362645194,25.633808362645194,3.1275482444541645,0.8779912762002319
2021-07-14,0.1695854428770683,0.2415054968239112,24.15054968239112,7.226104444610443,0.7007892350425792
2021-07-15,0.16777874190532988,0.15930988732981277,15.930988732981277,2.3570923679479607,0.8520435606693909
2021-07-16,0.17349348642570567,0.3088548551738069,30.88548551738069,2.5920463043812516,0.9160755849888587
2021-07-19,0.17553410130051453,0.22753071774106687,22.753071774106687,4.516198038048735,0.8015126008968938
2021-07-20,0.17871274123152162,0.20829670952369927,20.829670952369927,2.7739537847181444,0.8668268072471623
2021-07-21,0.17709884471519413,0.23620856545815044,23.620856545815045,5.717356894255057,0.7579530241350196
2021-07-22,0.17733649575058358,0.24499295035950205,24.499295035950205,5.706955992878787,0.7670563179673369
2021-07-23,0.17951859191785424,0.1867244080460902,18.67244080460902,1.2498824523047902,0.9330627171142899
2021-07-26,0.18089271908963211,0.16665130218691546,16.665130218691544,0.9597782462124921,0.9424079960001748
2021-07-27,0.18049067291448878,0.16207087995217323,16.20708799521732,0.39452376017889146,0.9756573321317614
2021-07-28,0.1772491971135261,0.2256776922626146,22.56776922626146,4.698782307125454,0.7917923450910861
2021-07-29,0.1767085620282496,0.19526521296091923,19.52652129609192,3.700220380626984,0.810502837422068
2021-07-30,0.17821388997194662,0.20411748645706454,20.411748645706453,5.263131776415111,0.7421518426584096
2021-08-02,0.1788846962419997,0.2052089499363625,20.520894993636247,2.0951740828686614,0.8979004530007878
2021-08-03,0.1789184988178603,0.18720466899212673,18.720466899212674,1.7403757688960964,0.9070335276216166
2021-08-04,0.18692017430647792,0.28325593751953804,28.325593751953804,4.30962179762305,0.8478541408394736
2021-08-05,0.18197412679814418,0.08,8.0,0.6038792335720494,0.9245150958034938
2021-08-06,0.18449306276410826,0.2808512172232674,28.08512172232674,5.719094314636891,0.7963656924409767
2021-08-09,0.18554045100731628,0.2360687664038566,23.60687664038566,0.6225358703951439,0.9736290454735492
2021-08-10,0.17806931514569058,0.13094922540551038,13.094922540551037,3.388483470183637,0.7412368450679626
2021-08-11,0.17527073871973228,0.22485565667506907,22.485565667506908,5.856316043828302,0.739552202936524
2021-08-12,0.17507540124270188,0.19920256083952753,19.920256083952754,3.4060195479359208,0.8290172810238257
2021-08-13,0.1745020949836997,0.15777750424444284,15.777750424444283,3.4077972033155697,0.7840124788616311
2021-08-16,0.16811890166781257,0.1808720266088019,18.087202660880187,3.19846941124369,0.823163953475156
2021-08-17,0.16589072208785008,0.15301305286825245,15.301305286825245,1.7436086686885621,0.8860483706452255
2021-08-18,0.16920184809072755,0.2978419938778049,29.78419938778049,4.775117614086,0.8396761466737602
2021-08-19,0.17103004519597986,0.22619683567472523,22.619683567472524,0.8769699948826787,0.9612297850115031
2021-08-20,0.17307475059450617,0.29281018119494995,29.281018119494995,6.19479773951836,0.7884363954068274
2021-08-23,0.17472433626301506,0.20377893076016657,20.377893076016658,-0.5087951801562823,1.024967997341938
2021-08-24,0.17366645099761127,0.16435294321631663,16.435294321631662,2.951501406500581,0.8204168815756527
2021-08-25,0.1737090008546791,0.16279827055058102,16.279827055058103,0.37790812017719777,0.9767867239068868
2021-08-26,0.17470353005742942,0.23887263051628121,23.88726305162812,3.929764806716449,0.8354870209189327
2021-08-27,0.17341076236646147,0.15612069253352573,15.612069253352573,2.5005804889203564,0.8398302974230417
2021-08-30,0.17612665610522255,0.2359736000254348,23.59736000254348,2.7453662818539284,0.8836579057336069
2021-08-31,0.1754661691988415,0.22240839796806156,22.240839796806156,5.202141389438697,0.7660995970940927
2021-09-01,0.17523789569383438,0.18219985544485254,18.219985544485255,1.719268774683644,0.905638301935754
2021-09-02,0.17372735660739783,0.22585597609019914,22.585597609019914,1.7417577362059484,0.922881928282015
2021-09-03,0.17962303874050078,0.21151324949364206,21.151324949364206,1.3742717034200465,0.9350266847722295
2021-09-06,0.17685642346861213,0.20791407283594984,20.791407283594985,4.235271946871305,0.7962970043777144
2021-09-07,0.17669117510835805,0.2503175503189122,25.03175503189122,2.3944358184342263,0.904344069547515
2021-09-08,0.17858132159370713,0.15477546338822973,15.477546338822973,1.801799649222563,0.8835862216284868
2021-09-09,0.1804072705480397,0.24939736565398699,24.9397365653987,4.475994137621645,0.8205276095886425
2021-09-10,0.1822444936413048,0.2650047328009021,26.50047328009021,6.1280682482166755,0.7687562715032455
2021-09-13,0.1843358560325502,0.19742276951448492,19.742276951448492,2.980462708704454,0.8490314609589257
2021-09-14,0.18643861738461304,0.23045046722920706,23.045046722920706,3.7405146339522357,0.8376868279363521
2021-09-15,0.18617092646857594,0.14425697372920998,14.425697372920999,1.4301516784622104,0.9008608290128974
2021-09-16,0.18459331994625838,0.23137720831500833,23.137720831500832,1.4416127546732298,0.9376942627507828
2021-09-17,0.18245888084227657,0.21426806480974395,21.426806480974395,4.166415026746351,0.80555128313471
2021-09-20,0.17904120824129904,0.20638349935609812,20.638349935609813,4.729242017685969,0.7708517380294031
2021-09-21,0.17966470759709652,0.255468879521465,25.546887952146502,3.3508510487989445,0.8688352548038087
2021-09-22,0.18047367536980977,0.16723080399492218,16.72308039949222,1.5404551616632567,0.9078844851029939
2021-09-23,0.17878997816965017,0.15330084312674555,15.330084312674556,2.963929498128795,0.8066592826447609
2021-09-24,0.1748928281986943,0.12086870841320961,12.08687084132096,0.31338753541657743,0.9740720704696197
2021-09-27,0.1783749953610516,0.23216766344753614,23.216766344753616,2.792726539371057,0.8797107875446168
2021-09-28,0.17457799006073035,0.1746044333135537,17.460443331355368,4.582160741340502,0.7375690494002588
2021-09-29,0.17837821783243035,0.275537810045455,27.553781004545502,2.5346042766080434,0.9080124692799905
2021-09-30,0.17512658240322249,0.1275009288177443,12.75009288177443,3.077810513309319,0.7586048555215716
2021-10-01,0.17700371840338733,0.2775351724806313,27.75351724806313,2.967691774902978,0.8930697054222888
2021-10-04,0.17655944060475223,0.21597043111586336,21.597043111586338,2.7529732427758633,0.8725300853199226
2021-10-05,0.1770627797551307,0.21064746202853357,21.064746202853357,3.451598650334928,0.8361433545367194
2021-10-06,0.17381659139289604,0.22414680144345567,22.414680144345567,6.594356491581365,0.7058018919246148
2021-10-07,0.17663601890137598,0.21400352223487146,21.400352223487147,1.8038077660788632,0.9157113047840791
2021-10-08,0.17539112307400626,0.2046131444453996,20.461314444539962,2.611853254239355,0.8723516389272674
2021-10-11,0.17636293378647888,0.24806035115668007,24.806035115668006,2.39282758760192,0.9035384906759822
2021-10-12,0.17717012252548084,0.22580377018806003,22.580377018806004,4.123466424157845,0.8173871755673686
2021-10-13,0.17683520583828038,0.1924289312764927,19.242893127649268,0.6416860818017595,0.9666533468982506
2021-10-14,0.17852568462717838,0.18731981217635918,18.73198121763592,2.186430066491343,0.8832782266281131
2021-10-15,0.1766571653073156,0.2496670459292249,24.96670459292249,7.1944870878067615,0.7118367359604904
2021-10-18,0.1775956489365252,0.2400057231358171,24.00057231358171,4.769365238013476,0.8012811871442527
2021-10-19,0.1753338482276917,0.1253061398291012,12.530613982910118,1.3712875535366222,0.8905650149779689
2021-10-20,0.1707677631839915,0.1318079694424762,13.18079694424762,0.5735386326704728,0.9564868015874581
2021-10-21,0.1735251113450686,0.2579670512131282,25.79670512131282,4.823648745221959,0.8130129905141746
2021-10-22,0.17653335274410006,0.21849252179288176,21.849252179288175,3.1657904267764074,0.8551076073085287
2021-10-25,0.1791479162434738,0.2019213689742455,20.19213689742455,2.928070242835268,0.854989580463436
2021-10-26,0.1780287238277019,0.1884996025826881,18.849960258268812,0.7762245260072381,0.9588208932341523
2021-10-27,0.18112969727124084,0.2431964489014711,24.31964489014711,4.929318068700428,0.7973112645778189
2021-10-28,0.1767591184859195,0.16882056847900834,16.882056847900834,1.0410955691382813,0.9383312366189708
2021-10-29,0.1792422131192174,0.19321614594912226,19.321614594912226,4.434833496521476,0.7704729346123456
2021-11-01,0.17638390623694625,0.22834248103743737,22.834248103743736,4.05086708335301,0.8225968700634001
2021-11-02,0.17411840100872217,0.16527915140473354,16.527915140473354,2.441406250933481,0.8522858914640119
2021-11-03,0.17508024075650286,0.2087943724139399,20.87943724139399,1.2464262185361008,0.9403036487944689
2021-11-04,0.17287516548520973,0.16039301455239172,16.039301455239173,4.849635872190534,0.6976404561180923
2021-11-05,0.17407520267182605,0.25210775623942905,25.210775623942904,3.0941530746403325,0.8772686282725158
2021-11-08,0.1750470735000887,0.23839883498376413,23.839883498376413,3.949493568724241,0.8343325138735171
2021-11-09,0.1734332217901789,0.2506197680503042,25.061976805030422,6.037857867774921,0.7590829360849538
2021-11-10,0.17508743766690932,0.22434158529417217,22.434158529417218,0.5033945936351619,0.9775612446985664
2021-11-11,0.17797348087262493,0.31279424137410305,31.279424137410306,6.617526359559999,0.7884383570973286
2021-11-12,0.18059820901973347,0.2513029620650813,25.130296206508127,3.0728159464356084,0.8777246427505369
2021-11-15,0.1772002497671419,0.11168780873805557,11.168780873805558,0.5322777991321401,0.9523423545375033
2021-11-16,0.17417667122308902,0.1349269183847898,13.49269183847898,0.6109997054217858,0.9547162484153597
2021-11-17,0.17624400420396702,0.1839573981986221,18.39573981986221,2.8950141306449266,0.8426258384281382
2021-11-18,0.17886167367504616,0.23716054153027072,23.716054153027073,5.611689952183737,0.7633801172836556
2021-11-19,0.17843194972542026,0.23482407086259022,23.482407086259023,3.41177100438253,0.8547094856225806
2021-11-22,0.17672412258012235,0.19513221864010113,19.513221864010113,4.416197116623977,0.7736818067564156
2021-11-23,0.17743031324836953,0.22055493439509866,22.055493439509867,3.308426381601554,0.8499953587220638
2021-11-24,0.17595637636185768,0.18225110159795607,18.22511015979561,3.2466418892088984,0.821858860619073
2021-11-25,0.17412952015546984,0.17950729359411544,17.950729359411543,2.3968005713793374,0.8664789311124733
2021-11-26,0.17247827936206248,0.1576708900296733,15.76708900296733,3.3937333903602207,0.7847584046921072
2021-11-29,0.17220222503690324,0.19170757345407782,19.170757345407782,4.8636903298514,0.7462963907883138
2021-11-30,0.1692545491117337,0.15801587391531488,15.801587391531488,3.2083258139968236,0.7969618029821324
2021-12-01,0.1692593101110436,0.14408380914904223,14.408380914904223,0.3118739268135551,0.9783546861610974
2021-12-02,0.17048862256988812,0.2657035771200433,26.570357712004327,4.35579052557297,0.8360657928363137
2021-12-03,0.1719232601230422,0.18729709272345468,18.729709272345467,4.527304827673239,0.7582821622139201
2021-12-06,0.1749770247468741,0.31820883660598,31.820883660598,3.2913554012484356,0.8965661847623693
2021-12-07,0.17501649221062238,0.24255198849300727,24.255198849300726,4.28192724577717,0.8234635274531827
2021-12-08,0.17488088533325286,0.20465371485630118,20.46537148563012,1.7260269908506238,0.9156610964984162
2021-12-09,0.17137412578253527,0.19520021109791888,19.520021109791887,4.953452230516745,0.7462373527848324
2021-12-10,0.16953571708719511,0.2536728008557632,25.367280085576322,4.566040567940358,0.820002753447084
2021-12-13,0.16650713062766007,0.17094739284753516,17.094739284753516,1.3972905897046113,0.918261953784178
2021-12-14,0.17024595738190196,0.23420133742946092,23.420133742946092,4.932094484364646,0.7894079283022821
2021-12-15,0.1775595983438153,0.2956774748749025,29.567747487490248,1.3274093344150695,0.9551061732052237
2021-12-16,0.1785667577304268,0.19656555687652652,19.656555687652652,2.040795286551253,0.8961773711030572
2021-12-17,0.1807061525419979,0.25978232971544873,25.978232971544873,3.381139666402172,0.869847203614438
2021-12-20,0.17838075169324552,0.1776406412151532,17.764064121515318,2.5767698220188677,0.8549448029239007
2021-12-21,0.17969647611735315,0.19321916905502684,19.321916905502682,1.4618708674905307,0.9243413127879561
2021-12-22,0.18271368349098824,0.2948663384764122,29.48663384764122,4.403431305099181,0.8506634793292476
2021-12-23,0.18295828515682738,0.17285329722073178,17.28532972207318,1.7931979532242486,0.8962589674564116
2021-12-24,0.18757536393966334,0.26660503586900675,26.660503586900674,1.410709354912959,0.9470861699849475
2021-12-27,0.19160281733452753,0.23414158142388125,23.414158142388125,2.5831504005662254,0.8896757088229542
2021-12-28,0.1922899915635116,0.15711126027257435,15.711126027257436,-0.03900686916549212,1.0024827545204473
2021-12-29,0.19606921507717226,0.24810108957867705,24.810108957867705,4.280478001645621,0.8274704069653749
2021-12-30,0.1997805059392753,0.23451509111633007,23.45150911163301,1.561291313126087,0.9334246975026602
2021-12-31,0.1989579691118645,0.2191116716532696,21.91116716532696,1.423927316458176,0.9350136254397506
2022-01-03,0.19777544371937214,0.1354460029756237,13.54460029756237,1.825499177124197,0.8652231046306524
2022-01-04,0.19137635945144402,0.23125708370866316,23.125708370866317,8.03425707416579,0.6525833092193051
2022-01-05,0.1899652422391918,0.2084609341170057,20.84609341170057,3.8361679539065885,0.8159766495264091
2022-01-06,0.1894713954719634,0.19824210820888216,19.824210820888215,2.121944537288403,0.8929619667355146
2022-01-07,0.19228859523907174,0.2406944272754924,24.06944272754924,3.586754337346529,0.8509830751818269
2022-01-10,0.19129314975626083,0.2388147128165894,23.88147128165894,5.170667277925925,0.7834862342883784
2022-01-11,0.18984608969440878,0.16984486846010888,16.98448684601089,4.3258642808512935,0.7453049762367533
2022-01-12,0.19033787643033376,0.19986497054550373,19.986497054550373,0.46570565052652113,0.9766989858575296
2022-01-13,0.18662454539607665,0.23789522308328367,23.78952230832837,3.3471793271930754,0.8593002716149001
2022-01-14,0.18787378415351608,0.25225476481866144,25.225476481866142,4.9863146901419855,0.8023302079654867
2022-01-17,0.1877433220568855,0.27374147561565043,27.374147561565042,5.051024659346556,0.8154819379128905
2022-01-18,0.19067112887531362,0.24960539422550745,24.960539422550745,3.6248508043551313,0.8547767440842949
2022-01-19,0.1916124023414573,0.22694093189436207,22.694093189436206,2.8573728725224594,0.8740917802411895
2022-01-20,0.18810579977556363,0.18273973015965253,18.273973015965254,0.5546358617998431,0.9696488628217148
2022-01-21,0.1861362876313194,0.12823783560865792,12.823783560865792,1.4676272949297589,0.8855542681328074
2022-01-24,0.18350232508110162,0.24204084403165513,24.204084403165513,4.48561152663517,0.8146754303150372
2022-01-25,0.1825498217510209,0.23104952365106854,23.104952365106854,4.274201616454409,0.8150092868008109
2022-01-26,0.18413848006166783,0.21043502623197063,21.043502623197064,1.95718727441557,0.9069932743868367
2022-01-27,0.18050199184285673,0.13783448990038416,13.783448990038416,0.8904432933196538,0.9353976429293426
2022-01-28,0.1765903518618377,0.19046870953170006,19.046870953170007,5.371097114803056,0.7180063261829821
2022-01-31,0.17741195736872475,0.23593463340238716,23.593463340238717,1.3808519269071033,0.9414731145235444
2022-02-01,0.18032751844688438,0.19807974090462363,19.807974090462363,1.966194705888985,0.9007372133611727
2022-02-02,0.1830106382053558,0.2394194086672213,23.94194086672213,3.215938077231634,0.8656776367825051
2022-02-03,0.18353604203713098,0.23736191976797005,23.736191976797006,5.622918472275162,0.763107811153037
2022-02-04,0.18373449835826583,0.24435855280050853,24.435855280050852,6.316830722067873,0.7414933649887483
2022-02-07,0.1843394730409807,0.2494853913561783,24.948539135617832,3.19540391171384,0.8719201996419936
2022-02-08,0.18301805260450332,0.19182306064063734,19.182306064063734,3.246484976933231,0.8307562726769739
2022-02-09,0.18574465286288633,0.22507920121861258,22.507920121861257,4.123437014097325,0.8168006198808055
2022-02-10,0.18413994212057969,0.20650441789957402,20.6504417899574,4.499542944777573,0.7821091194782204
2022-02-11,0.18214930979159655,0.1778586517008157,17.785865170081568,1.5238500798108316,0.9143224091019103
2022-02-14,0.1804941429889305,0.22274625377858256,22.274625377858257,5.511313871732815,0.7525743406121995
2022-02-15,0.1788586249814621,0.20056576178879099,20.056576178879098,1.1680410923442492,0.9417626876129399
2022-02-16,0.1763582996934385,0.20010096810868572,20.01009681086857,3.9250912975224814,0.8038444623920784
2022-02-17,0.17787558740076248,0.2845076858818934,28.45076858818934,5.427744085895259,0.8092232879730196
2022-02-18,0.17630522246597988,0.16579818575001562,16.57981857500156,2.158247783879577,0.8698268154071539
2022-02-21,0.17911301158856016,0.20924996500741228,20.924996500741226,3.6724830773866652,0.8244930135469043
2022-02-22,0.17745710820302346,0.18644302765793042,18.644302765793043,2.403226998889743,0.8711012672836993
2022-02-23,0.17981766095957702,0.27203301540923364,27.203301540923363,3.415390003508434,0.8744494303983477
2022-02-24,0.17967475798684598,0.19687763140288606,19.687763140288606,0.9015440342423076,0.9542078992002191
2022-02-25,0.18407207820644395,0.2509437967453898,25.09437967453898,2.9670015166644417,0.8817662936822944
2022-02-28,0.1833015947157226,0.142572401207042,14.257240120704202,2.1994816128520887,0.8457287950381065
2022-03-01,0.18180425645388712,0.2285829849201297,22.85829849201297,3.790097428535935,0.8341916206116456
2022-03-02,0.1835741344528968,0.29112337872658794,29.112337872658795,7.553814690165048,0.7405287502774106
2022-03-03,0.18243276929461644,0.21598100390822803,21.598100390822804,3.2689644337211057,0.8486457431640556
2022-03-04,0.1844083159592543,0.2624275500446646,26.24275500446646,3.980833504205056,0.8483073326894404
2022-03-07,0.18336632626478552,0.17615377196156526,17.615377196156526,1.6845309965580146,0.904371562538805
2022-03-08,0.18426359032994663,0.2604564820308211,26.045648203082113,2.408258442339792,0.9075370125726104
2022-03-09,0.18962538623820688,0.30425884758565536,30.425884758565537,3.2302922640885354,0.89383078619664
2022-03-10,0.18875117797652946,0.21645578840033783,21.64557884003378,5.096933081792421,0.7645277532442063
2022-03-11,0.18878312610472806,0.19002801016012394,19.002801016012395,2.784811101615481,0.8534525989474443
2022-03-14,0.19237908935149,0.2672375228261736,26.723752282617358,2.9102143741465554,0.8911000841734518
2022-03-15,0.1959766974832983,0.24066111935623383,24.066111935623383,-0.2521766472994652,1.0104784955697885
2022-03-16,0.194557661676085,0.1967652402211177,19.676524022111767,3.7679641307248435,0.8085045851345216
2022-03-17,0.19466920797049947,0.2131953022222936,21.31953022222936,5.000277490612789,0.7654602405169735
2022-03-18,0.19174055895252992,0.20182748251350516,20.182748251350517,3.309886686792546,0.8360041632798414
2022-03-21,0.19088371474526367,0.1737502139161664,17.37502139161664,4.752823435753751,0.7264565419155706
2022-03-22,0.18948984750274397,0.16902481906449437,16.902481906449438,2.577089692386231,0.8475318768776261
2022-03-23,0.18841478139135753,0.16212028178422955,16.212028178422955,2.228591245431227,0.862534704424131
2022-03-24,0.18419616148762827,0.16178624912893028,16.178624912893028,1.249815173309543,0.9227489863916961
2022-03-25,0.18375570498496474,0.20138434527668586,20.138434527668586,2.277174077215713,0.8869239774279843
2022-03-28,0.18223641011461783,0.23039860727148373,23.039860727148373,4.10300179700229,0.8219172483031708
2022-03-29,0.18801938319242936,0.2610888536490716,26.10888536490716,1.9068833936508516,0.9269641975519228
2022-03-30,0.1856090892750807,0.149890877417777,14.989087741777702,0.9825039047328676,0.9344520546107402
2022-03-31,0.18578945423289622,0.19631687205020934,19.631687205020935,-2.3056023888854,1.117442905686462
2022-04-01,0.1852251250262278,0.21703703997937615,21.703703997937616,4.55965937483965,0.7899133081029427
2022-04-04,0.1831014220077177,0.1993356851710579,19.93356851710579,2.1314233557155227,0.8930736684760452
2022-04-05,0.18537210380251196,0.22078418109415368,22.078418109415367,1.3791401407489552,0.9375344676455412
2022-04-06,0.18054911435156362,0.16506752586951218,16.50675258695122,2.9976406732004133,0.8183991274231562
2022-04-07,0.17689866029930607,0.20769386271420867,20.769386271420867,1.2397472866846644,0.9403089108901315
2022-04-08,0.17790683319197792,0.2372008327246873,23.72008327246873,5.054274439616507,0.786920038114585
2022-04-11,0.17969341183085208,0.23344762048689155,23.344762048689155,3.374956992656558,0.8554297968161956
2022-04-12,0.17747585786283324,0.23498386881968134,23.498386881968134,4.341712306336862,0.815233601857643
2022-04-13,0.17914391118508122,0.27887018306718553,27.887018306718552,0.06581774707497545,0.9976398427988582
2022-04-14,0.17892509221918015,0.20448018783845417,20.448018783845416,4.998978720850683,0.7555274780557207
2022-04-15,0.17871402528983546,0.20571166014159575,20.571166014159576,4.695153834166846,0.7717604422163007
2022-04-18,0.17806382354209405,0.18539687985824418,18.53968798582442,3.032250091523478,0.836445462629039
2022-04-19,0.17956663000280645,0.18580760406155875,18.580760406155875,2.802668882796894,0.8491628533206661
2022-04-20,0.18010237251552585,0.16043297611782376,16.043297611782375,0.5928461210084474,0.9630471156644844
2022-04-21,0.1842798149876394,0.26128380167121,26.128380167121,3.372314042690794,0.8709329081588306
2022-04-22,0.18844800891734223,0.25145839914381046,25.145839914381046,1.463822922421626,0.9417866761497811
2022-04-25,0.18742693957188947,0.1636239834408829,16.362398344088287,0.6453835190861956,0.9605569119199832
2022-04-26,0.18539537708495474,0.15222703722370856,15.222703722370856,0.552126014787771,0.9637300952013943
2022-04-27,0.18333997720604486,0.2476678814110468,24.76678814110468,4.881125915559062,0.802916474766544
2022-04-28,0.18418975053263117,0.1685385403275498,16.85385403275498,1.0627462098788676,0.9369434309913062
2022-04-29,0.18352043514078153,0.24816440008906818,24.816440008906817,4.2847127378847745,0.8273437795128167
2022-05-02,0.18431455297902308,0.19619447334995543,19.61944733499554,0.8077552515903447,0.958828847836629
2022-05-03,0.18152163792122344,0.10775715499117941,10.775715499117942,-1.1613080408931302,1.1077708520597254
2022-05-04,0.18318389641486812,0.2429795145317678,24.29795145317678,0.10793064785653561,0.9955580350851996
2022-05-05,0.1887431339285021,0.30196690629196626,30.196690629196627,5.013179936814538,0.833982471841885
2022-05-06,0.18684751785865744,0.17422210455665568,17.422210455665567,1.8733652176031153,0.8924725870824324
2022-05-09,0.1857919868717069,0.19140377279751256,19.140377279751256,2.691183519495194,0.8593975719411646
2022-05-10,0.185398489970215,0.22418202650431363,22.41820265043136,3.2747410875317433,0.8539249047483861
2022-05-11,0.18548475310560394,0.2112199705076136,21.121997050761358,1.7841698908132613,0.9155302461918984
2022-05-12,0.18206236097753145,0.259652508987667,25.9652508987667,5.331073808075379,0.7946842944495255
2022-05-13,0.18710606483089845,0.32024365645496494,32.024365645496495,5.983547490431096,0.8131564085712796
2022-05-16,0.18778044526424656,0.1875869544650532,18.758695446505318,1.4664843564815178,0.9218237557796313
2022-05-17,0.18744681342022046,0.16237931035618117,16.237931035618118,1.4311200137719333,0.9118656181854232
2022-05-18,0.18587759035573614,0.1400602710884778,14.00602710884778,1.5233040209058886,0.8912393922225383
2022-05-19,0.18569941337928778,0.18564370976854988,18.56437097685499,3.4880911366226646,0.8121083046136376
2022-05-20,0.18337152099075188,0.1815735531223393,18.157355312233932,0.2898632037291182,0.9840360449666469
2022-05-23,0.18408400406794795,0.24949398629194008,24.949398629194008,-0.22883282487713985,1.0091718773778129
2022-05-24,0.18418521358168757,0.19062419436567174,19.062419436567176,3.13286463271186,0.8356523082950252
2022-05-25,0.18619691553357923,0.2169844433292508,21.698444332925078,2.8032925263694857,0.8708067507809402
2022-05-26,0.18526769943365706,0.20585824215211768,20.58582421521177,2.6515157995027767,0.8711970056781377
2022-05-27,0.1885831590864743,0.2343179953351967,23.43179953351967,0.6782264397273363,0.9710552986441728
2022-05-30,0.19219077929241354,0.303622295700547,30.3622295700547,2.254499866560211,0.9257465641197921
2022-05-31,0.19079308063761044,0.17759469944496994,17.759469944496995,1.8829450361782767,0.8939751556739601
2022-06-01,0.19274794668042763,0.20332646816491756,20.332646816491756,4.2904045865646445,0.7889893713648383
2022-06-02,0.19178919558659716,0.2691201854096113,26.91201854096113,4.735375032684841,0.8240423688220407
2022-06-03,0.1896673171418939,0.20288168964693873,20.288168964693874,-0.4393969938113723,1.021657794479927
2022-06-06,0.19435207145850422,0.2816428092737168,28.16428092737168,2.7774516244275462,0.9013838971571876
2022-06-07,0.1962027947828127,0.19914745522113955,19.914745522113954,-0.42096721918989943,1.0211384684138918
2022-06-08,0.19497392338945657,0.19075356032328133,19.075356032328134,2.5125243954763734,0.8682842725861447
2022-06-09,0.19546191965746665,0.24419353461043658,24.41935346104366,4.05673413827442,0.8338721725476412
2022-06-10,0.19631936595824775,0.23741254585532728,23.74125458553273,1.3064402632010974,0.9449717259677926
2022-06-13,0.19405322813430684,0.22696614778036658,22.696614778036658,1.4146860532472023,0.9376697332583631
2022-06-14,0.19535650672211893,0.20994863019643964,20.994863019643965,0.965766895214773,0.9539998477574658
2022-06-15,0.1989088342156953,0.2661368740350129,26.61368740350129,4.346988645144675,0.8366634213726886
2022-06-16,0.20376333863180993,0.24358223942075397,24.358223942075398,1.6810415802927055,0.9309866932708117
2022-06-17,0.20778827011938988,0.24475905373764587,24.475905373764586,0.947269409614479,0.9612978807055756
2022-06-20,0.20908700699646307,0.23462513093075946,23.462513093075945,2.867673542717375,0.8777763689958832
2022-06-21,0.20535048138915898,0.20749161309363678,20.74916130936368,3.417633630631098,0.835288107327558
2022-06-22,0.20661586231386278,0.21559139716285108,21.55913971628511,2.972284970551817,0.8621334148919382
2022-06-23,0.20848771186599513,0.2736816824297099,27.36816824297099,4.542132376937563,0.8340359377868073
2022-06-24,0.20696292562806273,0.19432641188351674,19.432641188351674,4.700383872300618,0.7581191446524457
2022-06-27,0.20540155426696718,0.19910998236003916,19.910998236003916,0.43630500051231036,0.9780872362429642
2022-06-28,0.19983913286087007,0.19961454385275784,19.961454385275783,3.534809634585229,0.8229182319905197
2022-06-29,0.2009050635196418,0.23310963682033436,23.310963682033435,5.195984390294167,0.777101261828189
2022-06-30,0.20427247552940467,0.23019669388036762,23.01966938803676,-0.09413806239243205,1.0040894619642693
2022-07-01,0.20264759589312056,0.24601343593446276,24.601343593446277,5.836947321366664,0.7627386772923407
2022-07-04,0.20143720552841543,0.24320873760428047,24.320873760428046,6.135127567803453,0.7477423044814375
2022-07-05,0.1953294655918136,0.14967619897317402,14.967619897317402,2.4070444612370787,0.8391832183239444
2022-07-06,0.19563865679314935,0.22145820520562226,22.145820520562225,1.160806256453345,0.9475835065413113
2022-07-07,0.19755251635872673,0.24958488205750448,24.95848820575045,4.376551481186147,0.8246467716671322
2022-07-08,0.20054794472560894,0.286271100449356,28.6271100449356,1.9740911517137583,0.93104120015555
2022-07-11,0.19784988412458815,0.20071439065980476,20.071439065980474,3.3025520057924806,0.8354601284473893
2022-07-12,0.19670449011785784,0.22881139982899654,22.881139982899654,4.004538672243899,0.8249851766460625
2022-07-13,0.19621327040853107,0.2387964167801663,23.87964167801663,4.8821069431736115,0.7955535929306664
2022-07-14,0.19718618200886315,0.2421294810978482,24.212948109784822,-0.09686500926907593,1.0040005458579384
2022-07-15,0.19477743701299147,0.21824288493399097,21.824288493399095,4.205470622946905,0.8073031968845684
2022-07-18,0.19267622279343494,0.23719171871490494,23.719171871490495,4.603085768409137,0.8059339595265607
2022-07-19,0.1925984830260576,0.2169171072057163,21.69171072057163,1.260124681705474,0.9419075471760547
2022-07-20,0.1932722491279113,0.2227257030966304,22.27257030966304,3.526133817037608,0.8416826720934053
2022-07-21,0.19214244474508493,0.16193613956221697,16.193613956221697,-0.020651585576189624,1.0012752919534835
2022-07-22,0.19021402765249437,0.22352351754442956,22.352351754442957,3.5759917828497274,0.8400172016736928
2022-07-25,0.1938151084541077,0.25700663790098427,25.700663790098428,3.4061367906593394,0.8674689175938092
2022-07-26,0.19115760634309062,0.16011313771137117,16.011313771137118,2.1173749687813577,0.8677575744847212
2022-07-27,0.19216009869827969,0.232113637509127,23.2113637509127,4.679485054325197,0.7983968066442803
2022-07-28,0.1907717831975673,0.17482791315205376,17.482791315205375,2.2832745749620686,0.8693987399497112
2022-07-29,0.19061291608579117,0.26255237522261105,26.255237522261105,3.4750510065617357,0.8676435128947002
2022-08-01,0.18734760947092705,0.12649294251146384,12.649294251146385,0.7420418702814846,0.9413372907967388
2022-08-02,0.18619454586058848,0.19048509055385243,19.048509055385242,3.2841964444715988,0.8275877426982603
2022-08-03,0.1895032468435303,0.23900933381896117,23.900933381896117,4.3920858816380335,0.8162378928278659
2022-08-04,0.19106376201154388,0.277399452328379,27.739945232837897,3.477849115900539,0.8746266769199118
2022-08-05,0.1897090297406599,0.2117882677736914,21.17882677736914,3.441827821661092,0.8374873236444385
2022-08-08,0.1845310216454244,0.17191771074566242,17.19177107456624,1.412569181339035,0.9178345747385613
2022-08-09,0.1887004222252217,0.2992146047421839,29.921460474218392,4.39683219645603,0.8530542250688422
2022-08-10,0.18552487131459275,0.1345542972350663,13.45542972350663,1.2474853251716058,0.9072875894114144
2022-08-11,0.18086165295205786,0.08317985594879751,8.317985594879751,-0.8867905786399205,1.1066112183682786
2022-08-12,0.178695102800229,0.24645062249062424,24.645062249062423,4.885004448849095,0.8017856721366189
2022-08-15,0.17792032433934205,0.22255863555038857,22.255863555038857,6.264080452449303,0.7185424669342441
2022-08-16,0.17544364940048288,0.15926690517488362,15.926690517488362,2.011621786011217,0.873694928409493
2022-08-17,0.17563500166254536,0.25110992219119604,25.110992219119606,4.277566429922191,0.8296536276784302
2022-08-18,0.17574393802562127,0.1968804013936785,19.68804013936785,0.7128372842830549,0.9637933852614574
2022-08-19,0.1755198522805047,0.18942635648661738,18.94263564866174,3.1989501716086526,0.8311243360775589
2022-08-22,0.17271148201084907,0.166218186077384,16.6218186077384,3.7430362024219788,0.7748118728308476
2022-08-23,0.17232829263641167,0.24313753842224695,24.313753842224695,2.823924529104116,0.8838548523840065
2022-08-24,0.1755220383075921,0.20581362629974304,20.581362629974304,-0.0194420818603408,1.0009446450271482
2022-08-25,0.17507985633058973,0.18677167118388208,18.67716711838821,1.0738705735057392,0.9425035624139979
2022-08-26,0.17993082358961227,0.2694818234682008,26.948182346820083,1.561634362629416,0.9420504751477722
2022-08-29,0.175616287598658,0.1600821853186691,16.00821853186691,2.288557597171523,0.8570385834866144
2022-08-30,0.17561183375838949,0.12601004060127063,12.601004060127064,0.7031047438260191,0.9442024825584471
2022-08-31,0.17535852666770443,0.16996603761329035,16.996603761329034,1.7642360408540143,0.8962006724621048
2022-09-01,0.17455319735071392,0.21983782803025892,21.983782803025893,4.166126868447884,0.810490901143981
2022-09-02,0.1720347505318346,0.2505383901881087,25.05383901881087,6.080481221520103,0.7573034129837439
2022-09-05,0.1717004918712949,0.19857833490757051,19.857833490757052,2.8227777221823707,0.8578506701903684
2022-09-06,0.1734285964869282,0.23349899655669057,23.349899655669056,3.9416780696118705,0.8311907919203892
2022-09-07,0.1674615555466786,0.15943429461990688,15.943429461990688,2.9495871587524647,0.8149966940435047
2022-09-08,0.1729697050790396,0.2557505968554864,25.57505968554864,1.8000012692556022,0.929618882951319
2022-09-09,0.1770014284661396,0.20392275431242454,20.392275431242453,2.720880144812729,0.8665729994680171
2022-09-12,0.1782914882404916,0.2758483877910065,27.58483877910065,5.1156554527481415,0.8145482924981254
2022-09-13,0.1799005921847398,0.24487729342056233,24.487729342056234,5.116827956545417,0.7910452257507777
2022-09-14,0.18271580368242457,0.21681068345421975,21.681068345421973,1.8540554688068394,0.9144850503089563
2022-09-15,0.18245182431658238,0.2501214404031446,25.01214404031446,4.733074919385643,0.8107689244169994
2022-09-16,0.18284022021419405,0.2450141014435534,24.50141014435534,4.710575904286079,0.8077426614822287
2022-09-19,0.18513888952963073,0.2186984313644152,21.86984313644152,1.2989520969713453,0.9406053308719479
2022-09-20,0.19010928367973234,0.26243456580147506,26.243456580147505,2.9268464596177823,0.8884732866389305
2022-09-21,0.18882178623482057,0.24480147693848817,24.480147693848817,5.694063015042936,0.7674007899685305
2022-09-22,0.18893379114840123,0.2257948629519313,22.579486295193128,1.7434712648390804,0.922785166941099
2022-09-23,0.18895177242362438,0.2386530308520996,23.86530308520996,6.224245862358869,0.7391926748160086
2022-09-26,0.18817744903200878,0.2998424944923487,29.984249449234866,6.223780587436978,0.792431669901419
2022-09-27,0.18892733944013618,0.18440883851905523,18.440883851905525,3.146453060142604,0.8293762335140202
2022-09-28,0.19526346439982292,0.24725379817415058,24.725379817415057,-0.4783819142282014,1.0193478085174352
2022-09-29,0.19650489319836942,0.2188100029199459,21.88100029199459,4.041632094571964,0.8152903413629293
2022-09-30,0.19386643779691695,0.156224732132694,15.6224732132694,3.3455736217415932,0.7858486568631187
2022-10-03,0.19364694249327524,0.19750850906951814,19.750850906951815,1.2384332473086568,0.9372972206036572
2022-10-04,0.1928091984940018,0.20674218407492972,20.674218407492972,5.398425037392496,0.7388812998398072
2022-10-05,0.1937398425939531,0.2336413728496599,23.36413728496599,2.0015630890110963,0.9143318212609959
2022-10-06,0.1948806339175494,0.18583940578744357,18.583940578744357,3.19443649595392,0.8281076888715625
2022-10-07,0.19128073289414357,0.16807459075544137,16.807459075544138,0.5921928084032579,0.9647660716743952
2022-10-10,0.18783808612737604,0.15929059171193863,15.929059171193863,5.487222094975988,0.6555212686447238
2022-10-11,0.184848367744829,0.22092112423978688,22.092112423978687,5.901337700974995,0.732875807088067
2022-10-12,0.17957864455814962,0.10702817439363649,10.702817439363649,2.3983347458794766,0.7759155699452841
2022-10-13,0.1756916806674077,0.14789647573558723,14.789647573558723,3.1252588675016164,0.7886860486730578
2022-10-14,0.17605481852628788,0.252716252737744,25.2716252737744,4.229966649197212,0.832619920429619
2022-10-17,0.17669880252368506,0.2541800797471332,25.41800797471332,4.27480734010999,0.8318197340892052
2022-10-18,0.1762849640511468,0.22857948164776795,22.857948164776793,3.156117917636936,0.8619247058010049
2022-10-19,0.17191138562588654,0.16823751552289865,16.823751552289863,2.6916561248067157,0.8400085666718993
2022-10-20,0.17144618081475618,0.16318077482032767,16.318077482032766,-1.4910770933993123,1.0913757821680332
2022-10-21,0.1700888354877484,0.20702173704180205,20.702173704180204,2.716583860542479,0.8687778443287845
2022-10-24,0.16805335168792873,0.14995562636722434,14.995562636722434,1.629021393492605,0.891366437328379
2022-10-25,0.1681738870904386,0.2723421376975041,27.234213769750408,3.2206205626818085,0.8817435821753365
2022-10-26,0.1711334196478385,0.2713738079157276,27.137380791572763,5.627931629270078,0.792613308097229
2022-10-27,0.16728217277785662,0.17052013841629843,17.052013841629844,-0.06412946305150158,1.003760814625598
2022-10-28,0.1674098752343116,0.22499605522511126,22.499605522511125,4.3920621665330035,0.8047938146231634
2022-10-31,0.17053208077729373,0.2208661800802155,22.08661800802155,3.25308677623134,0.8527123177007062
2022-11-01,0.16639905357094117,0.1394145163294692,13.941451632946919,4.108391106644083,0.7053110956584326
2022-11-02,0.16722548076133031,0.2208435228140924,22.084352281409238,5.073061811491628,0.7702870454678371
2022-11-03,0.16432523733849885,0.19542986604173618,19.542986604173617,4.270923596164813,0.7814600356297275
2022-11-04,0.16366048299451308,0.17909525450864797,17.9095254508648,3.9160054904444603,0.7813451003384699
2022-11-07,0.16397492707132988,0.2171618782467892,21.71618782467892,4.840588996222742,0.7770976639499428
2022-11-08,0.1709982170861776,0.2894328843332927,28.94328843332927,3.75254232593118,0.8703484459074116
2022-11-09,0.1730804060014463,0.2131223894582676,21.31223894582676,0.7488675007587237,0.9648620915586458
2022-11-10,0.17660935902401045,0.1673811892381516,16.738118923815158,1.0228348829463467,0.9388918857846656
2022-11-11,0.18071695065228072,0.2127964658169996,21.27964658169996,0.9893154562753248,0.9535088398918188
2022-11-14,0.1819339807102649,0.3140021650303322,31.400216503033217,7.80279475668921,0.7515050650706351
2022-11-15,0.1821984255183829,0.2779577627840704,27.795776278407043,6.097241546755966,0.7806414368253293
2022-11-16,0.18150161181959282,0.1861493564364759,18.61493564364759,0.37641416396689276,0.979778916716516
2022-11-17,0.1821112106108759,0.1403826158659291,14.03826158659291,-1.3739913025847927,1.0978747471052261
2022-11-18,0.18353203855326747,0.24103471602007628,24.103471602007627,3.3105783475532697,0.862651388886341
2022-11-21,0.1842883965047195,0.24308312469771354,24.308312469771355,4.734370928084355,0.8052365447427998
2022-11-22,0.1881999353794248,0.25941728536036857,25.941728536036855,4.3609556559259275,0.8318941758307308
2022-11-23,0.1865461706173578,0.2358643976420791,23.58643976420791,3.0457525574800304,0.8708684910512897
2022-11-24,0.18687415237877428,0.2473003616939851,24.73003616939851,2.531825308121169,0.8976214474261827
2022-11-25,0.18627554087833445,0.18071847703776978,18.071847703776978,2.2127885500192512,0.8775560426199926
2022-11-28,0.18873365178621979,0.26913710093601767,26.913710093601768,3.644133831064464,0.8645993503537519
2022-11-29,0.18871311235144805,0.17627166049613674,17.627166049613674,-1.1632323691559254,1.0659908896235433
2022-11-30,0.1965550090010663,0.3114044077801873,31.14044077801873,4.8393972875176665,0.8445944512470204
2022-12-01,0.19571308436188725,0.17536646284605772,17.536646284605773,2.2933975569640443,0.8692225685718904
2022-12-02,0.20031869969743596,0.27626024038469815,27.626024038469815,2.682168825808817,0.9029115148066967
2022-12-05,0.20260352025621228,0.25658146390367076,25.658146390367076,6.866503256516484,0.7323850619585521
2022-12-06,0.20189815318815799,0.18852606277140074,18.852606277140076,3.458278291597869,0.8165623234920447
2022-12-07,0.19755230107215066,0.18354660212502366,18.354660212502367,2.290203548719652,0.8752249552863055
2022-12-08,0.1957214626541291,0.22218146795718552,22.218146795718553,5.499536028495832,0.7524754841589401
2022-12-09,0.1976173577706714,0.2360711178616553,23.60711178616553,3.9104480005578646,0.834352968038661
2022-12-12,0.1975226010214892,0.2298985194891123,22.98985194891123,2.898509996769233,0.8739221982285753
2022-12-13,0.19376440018239477,0.21505916559224972,21.50591655922497,5.8007165749792895,0.730273454795347
2022-12-14,0.1919568034677781,0.24036705309720605,24.036705309720606,6.134123678764536,0.7448018104093552
2022-12-15,0.19592373677957176,0.2864158845742748,28.64158845742748,2.072507022980025,0.927639941267204
2022-12-16,0.20044655572777423,0.2801239428817527,28.01239428817527,3.1022216077724236,0.8892553926001981
2022-12-19,0.19994769926312744,0.21718838611468344,21.718838611468342,1.9735439327722148,0.909132160882207
2022-12-20,0.19927059086835874,0.2229639287332937,22.29639287332937,4.144378960656569,0.8141233434393769
2022-12-21,0.19779409202395978,0.18212446247547748,18.21244624754775,-0.2676790593252959,1.014697589532287
2022-12-22,0.19775284663548065,0.2484329678097468,24.84329678097468,4.389224890053015,0.8233235738094816
2022-12-23,0.19380552229163733,0.17756839328772064,17.756839328772063,3.848009589565687,0.7832942271809255
2022-12-26,0.19433477690904155,0.21037023613177697,21.037023613177695,4.066529762871077,0.806696525247812
2022-12-27,0.18864719950044742,0.14601075629947408,14.601075629947408,3.2754119254577665,0.7756732443231948
2022-12-28,0.18903124429647195,0.2107587803955509,21.07587803955509,1.4789855491339736,0.9298256733902985
2022-12-29,0.18631112061471478,0.23757882624725132,23.75788262472513,3.169098865914169,0.8666085309043472
2022-12-30,0.18670350414955322,0.18358553317241974,18.358553317241974,2.2912991664394697,0.8751917361436357
2023-01-02,0.18639497645455283,0.2559976708334121,25.599767083341213,1.3038200301810825,0.9490690666857852
2023-01-03,0.1836832117946195,0.16277652761660003,16.277652761660004,3.1807154136693687,0.804596187162737
2023-01-04,0.18213472250586643,0.16127081995868794,16.127081995868796,3.984581516708076,0.752926070709581
2023-01-05,0.1834839370822746,0.26105985208886817,26.105985208886818,7.2081779346469315,0.7238879177717004
2023-01-06,0.18608859538857264,0.24788177449579724,24.788177449579724,2.599784239131106,0.895119992406897
2023-01-09,0.18848814156963162,0.2703184736741257,27.03184736741257,2.296136601581095,0.9150580953505555
2023-01-10,0.1866181991869565,0.19957916505756113,19.957916505756113,3.793453557231874,0.8099273761297782
2023-01-11,0.18976559125813722,0.29998855011381365,29.998855011381366,7.684131677656183,0.7438525012124337
2023-01-12,0.1897386314919663,0.2285513624806246,22.85513624806246,5.009170126065291,0.780829566199154
2023-01-13,0.18532930261853262,0.1817339784503006,18.17339784503006,0.8639070447933384,0.9524630973161909
2023-01-16,0.18372190598498206,0.19632654469049135,19.632654469049136,-1.901985280897553,1.096878661206819
2023-01-17,0.18413333304924756,0.26968888433090554,26.968888433090555,6.3595969194368775,0.7641876514408463
2023-01-18,0.18105829374419527,0.14730652339952585,14.730652339952584,3.036220967889583,0.7938841472991172
2023-01-19,0.183642120454686,0.27527168095913984,27.527168095913986,3.621006697010401,0.8684569845908745
2023-01-20,0.18510226022881368,0.26547694075754874,26.547694075754873,3.027328659165068,0.8859664176283458
2023-01-23,0.185858888540602,0.12854944547469305,12.854944547469305,-2.6428046464925776,1.205586623632138
2023-01-24,0.18710304105652725,0.22117013652942857,22.11701365294286,2.5337995191932223,0.8854366344863165
2023-01-25,0.19122230631397552,0.21492364733178443,21.492364733178444,1.5162439880474887,0.9294519701823776
2023-01-26,0.19095840277724913,0.2418019972710968,24.18019972710968,5.1375046638140525,0.7875325794743486
2023-01-27,0.18867744831334785,0.15212852409923194,15.212852409923194,-0.5859269746951251,1.0385152605774923
2023-01-30,0.18831852087403606,0.18470494851535993,18.470494851535992,3.1569883232881986,0.8290793858711552
2023-01-31,0.18527177642778564,0.17431834957088643,17.431834957088643,-0.4659487589455752,1.0267297596662994
2023-02-01,0.18984033772733175,0.2575369390601229,25.75369390601229,3.0627778289748333,0.8810742319081529
2023-02-02,0.19366505207933982,0.23474759290637728,23.474759290637728,3.300358672259998,0.8594081996156503
2023-02-03,0.19253159274477588,0.19266039304351038,19.266039304351036,2.748496632695463,0.8573398201219935
2023-02-06,0.19200702209341625,0.21729578145443101,21.729578145443103,0.6427833028497226,0.97041897000727
2023-02-07,0.18337374530848682,0.10551330391276098,10.551330391276098,3.945500873796401,0.6260660288811954
2023-02-08,0.18643593571466027,0.26900756348517857,26.900756348517856,4.305693547029444,0.8399415432322344
2023-02-09,0.1810675650247376,0.14161844375794885,14.161844375794885,3.1206994909072847,0.7796403202791075
2023-02-10,0.1804505507925425,0.18240734863546687,18.240734863546688,1.690498629159215,0.907322887931582
2023-02-13,0.17864666013599903,0.1494100057339244,14.94100057339244,1.4196801518970155,0.9049809184516571
2023-02-14,0.17449743839655601,0.12667367493503418,12.667367493503418,-0.15390660361295772,1.0121498491057348
2023-02-15,0.17546601727077527,0.2493811567158765,24.93811567158765,2.2948085220735717,0.9079798749715449
2023-02-16,0.17757780956729402,0.2257211098884585,22.57211098884585,6.442915794093418,0.7145629933648109
2023-02-17,0.1754253591520651,0.21351391814332854,21.351391814332853,1.9653762874099923,0.9079509052852158
2023-02-20,0.17270724118439534,0.2303121439528879,23.031214395288792,5.218896710805526,0.7733989783937276
2023-02-21,0.17480743838198134,0.2299788841523491,22.99788841523491,3.089725106342425,0.8656517915664099
2023-02-22,0.17419985430126295,0.2074324904515921,20.74324904515921,2.435961480918189,0.8825660591735188
2023-02-23,0.17081504970988903,0.18704641839085825,18.704641839085827,5.836610735840106,0.6879592356778661
2023-02-24,0.17221617933583802,0.2546415814483429,25.464158144834293,3.4790908670457337,0.8633730262254318
2023-02-27,0.17232389089904587,0.19029588351220897,19.029588351220898,3.004614683866147,0.8421082669571579
2023-02-28,0.1706382556024331,0.14213157636322699,14.213157636322698,2.4394852309617034,0.8283643020515419
2023-03-01,0.17333956842662118,0.291020619676164,29.1020619676164,5.53152132078723,0.8099268248778219
2023-03-02,0.17370464487915876,0.27584587905213565,27.584587905213564,4.127011277847109,0.850387060628624
2023-03-03,0.18295610207792587,0.41575853560515214,41.57585356051521,1.9733928247266053,0.9525351218140535
2023-03-06,0.1968453231774496,0.48875972776837795,48.8759727768378,3.1910657961823907,0.9347109507006144
2023-03-07,0.20164418575321477,0.3243625265872282,32.43625265872282,1.271846407022592,0.9607893544175928
2023-03-08,0.21309351751369107,0.30597525636308787,30.597525636308788,-0.05190057817112681,1.001696234486018
2023-03-09,0.21783892442008013,0.3624872010778103,36.24872010778103,3.688302802875576,0.8982501232620388
2023-03-10,0.23224553467530773,0.45472540561597624,45.472540561597626,4.177514140732103,0.9081310591152655
2023-03-13,0.2360697911953496,0.26576984916102603,26.576984916102603,1.9958099896271952,0.924904574543444
2023-03-14,0.24577723473838903,0.360615604117798,36.0615604117798,2.1546085499015213,0.9402519323817806
2023-03-15,0.2586249999484571,0.4262881499970452,42.62881499970452,2.8272339614450805,0.933677866451022
2023-03-16,0.2649894981436975,0.41879937794923033,41.87993779492303,5.8711844354042695,0.8598091414520674
2023-03-17,0.2732692399237154,0.3394844739043116,33.948447390431156,0.43179445764121027,0.9872808776002252
2023-03-20,0.2830894081206745,0.42960541810276165,42.96054181027616,2.9521730697390334,0.9312817542484328
2023-03-21,0.2795474195356854,0.12274840138632664,12.274840138632664,1.9006984826265616,0.8451549298271931
2023-03-22,0.2878878191772829,0.4107196725433469,41.07196725433469,3.6489646980874255,0.9111568073793125
2023-03-23,0.2919164415443018,0.26190462204235876,26.190462204235875,-0.5769323307447338,1.0220283371192824
2023-03-24,0.2940530633166364,0.1673072694500278,16.73072694500278,-0.6242098801455653,1.037309190580748
2023-03-27,0.30076951737302265,0.4097589115153471,40.97589115153471,4.886270355334865,0.8807525542943108
2023-03-28,0.31360965770347454,0.45553171293813594,45.55317129381359,2.5639029325099316,0.9437162581728283
2023-03-29,0.3227176288832924,0.318943986313908,31.894398631390803,0.9939867484123344,0.9688350685052879
2023-03-30,0.33036165542176593,0.41664178009335623,41.66417800933562,2.0411816317121136,0.9510087146983975
2023-03-31,0.32842278745806375,0.21420280324532792,21.420280324532794,2.0343264209408214,0.905028020636551
2023-04-03,0.32003687303123046,0.24289682325033074,24.289682325033073,2.297641885594465,0.9054066720655913
2023-04-04,0.30133690708197797,0.08,8.0,1.5850215127747578,0.8018723109031552
2023-04-05,0.29904599878075067,0.29083211327043135,29.083211327043134,2.7297125079202234,0.9061412965293145
2023-04-06,0.29275657748213135,0.22653601737134735,22.653601737134736,5.211960249755432,0.7699279650876987
2023-04-07,0.28793386984500974,0.2734244912491399,27.34244912491399,4.909717857963927,0.8204360613223095
2023-04-10,0.2748602269262632,0.1471874749689728,14.718747496897281,0.8783712053994058,0.940322965280533
2023-04-11,0.2728935224947274,0.23849558931449585,23.849558931449586,3.398463311199307,0.8575041441660428
2023-04-12,0.26331227767826415,0.1959121021893374,19.591210218933742,5.804872471628367,0.7037001590632568
2023-04-13,0.25174244106824384,0.19298772948572754,19.298772948572754,3.793848791355975,0.8034150253248847
2023-04-14,0.2468126182377431,0.3005194319854959,30.05194319854959,4.395817783082445,0.8537260052023989
2023-04-17,0.2390605313159129,0.18397952615117477,18.39795261511748,1.1606822181708636,0.9369124248522557
2023-04-18,0.2289945135788566,0.22173975989941283,22.173975989941283,3.304244497222392,0.8509854751028284
2023-04-19,0.2342831465630228,0.25626463154660184,25.626463154660183,4.146192231905169,0.8382066145108603
2023-04-20,0.22597825370380523,0.25361303375380706,25.361303375380707,5.378575823490289,0.7879219477059093
2023-04-21,0.22208981612551645,0.2163874011060253,21.63874011060253,3.037064490028227,0.859646889120863
2023-04-24,0.22309215288014342,0.2384979081225363,23.84979081225363,4.389946802388728,0.815933530111583
2023-04-25,0.2190559821871688,0.32201598221564776,32.20159822156477,4.587935880611677,0.8575245908900501
2023-04-26,0.2070465804969602,0.2333384929418544,23.33384929418544,5.564324482319782,0.7615342238579403
2023-04-27,0.201286573022618,0.23381027569870957,23.38102756987096,4.576631383011087,0.8042587576899921
2023-04-28,0.19299115454947846,0.23673973748757465,23.673973748757465,1.4713561647270168,0.9378492102617862
2023-05-01,0.19443694018197372,0.2827705892644343,28.27705892644343,5.854955194611497,0.7929432756835894
2023-05-02,0.19479697864997508,0.2707424396926658,27.074243969266583,4.326122747025063,0.8402126112206171
2023-05-03,0.2015302845551615,0.21939444126736782,21.93944412673678,1.3845232386200446,0.9368934221568186
2023-05-04,0.19537527575990207,0.16027261902778073,16.027261902778072,2.5992815537000085,0.8378212342527788
2023-05-05,0.1987524589226759,0.26986892783475214,26.986892783475213,2.4531666542708304,0.9090978470936466
2023-05-08,0.19445811947552122,0.1647651534594183,16.47651534594183,3.061896918016585,0.8141659899724653
2023-05-09,0.19701534117526323,0.22695808566695316,22.695808566695316,3.4852667057391846,0.8464356669427677
2023-05-10,0.1944114368798691,0.18747103883467017,18.747103883467016,3.764207283544449,0.7992112644735443
2023-05-11,0.19629577443526083,0.22104150210415469,22.10415021041547,4.360703596787441,0.8027201428113405
2023-05-12,0.1981101199038309,0.24976350140749126,24.976350140749126,5.661300499535205,0.7733335548375924
2023-05-15,0.19507645487827566,0.231433885269991,23.1433885269991,3.85795966519801,0.8333018667211454
2023-05-16,0.19624331803065398,0.23394920452481477,23.394920452481475,3.707237435540339,0.8415366513824963
2023-05-17,0.19890289592756621,0.24368474424494102,24.368474424494103,-0.08637065174048608,1.0035443602351106
2023-05-18,0.19810949891961427,0.232661232018947,23.2661232018947,3.4519859958387826,0.8516303740900991
2023-05-19,0.19670028268482712,0.2229138926957591,22.29138926957591,5.268015810738505,0.7636748545803521
2023-05-22,0.19825012699557906,0.24642420287117892,24.64242028711789,2.786071613964464,0.8869400171938097
2023-05-23,0.19982062125549988,0.24123314401614368,24.12331440161437,1.3654324459158067,0.9433978091408356
2023-05-24,0.19290438620716605,0.13103978545817427,13.103978545817426,0.014409806365398015,0.9989003487517157
2023-05-25,0.19415204119170593,0.2136680378508469,21.36680378508469,0.977203505685259,0.9542653400333369
2023-05-26,0.19510456251665054,0.22321928995983722,22.321928995983722,1.5172380267401309,0.932029260239421
2023-05-29,0.192536528422617,0.19887644863449047,19.887644863449047,3.0778988768890154,0.845235627545532
2023-05-30,0.19305115867090966,0.23696277049867465,23.696277049867465,0.19344979662098694,0.9918362789136081
2023-05-31,0.19050432839930412,0.22101879826166862,22.10187982616686,4.702102174296971,0.7872532919697601
2023-06-01,0.18952689264967051,0.20944081023914382,20.944081023914382,2.4417752100282133,0.883414545272235
2023-06-02,0.19137438424671172,0.20257245930446763,20.257245930446764,2.9495332275822435,0.8543961386602372
2023-06-05,0.18829276046629334,0.23116923104910417,23.116923104910416,5.054606914584547,0.7813460341739483
2023-06-06,0.18838813247795713,0.1824067265755414,18.240672657554143,4.625773005134947,0.746403376016989
2023-06-07,0.18506872991065557,0.16865468832117642,16.865468832117642,4.625672362494821,0.7257311724601482
2023-06-08,0.18954259831683523,0.27530823958147155,27.530823958147156,3.1528037052472646,0.8854809536379945
2023-06-09,0.18805150688497746,0.185065804827738,18.5065804827738,3.8944258760471113,0.789565345166164
2023-06-12,0.18553692639019692,0.14297909326403987,14.297909326403987,0.2634787242292186,0.9815722202306423
2023-06-13,0.18082312195390357,0.15142315084110966,15.142315084110965,5.755875538525826,0.6198814047552383
2023-06-14,0.17880239337880877,0.18588431373050146,18.588431373050145,3.144278363808156,0.8308475685384196
2023-06-15,0.17320848659315896,0.16759076129971393,16.759076129971394,4.051435303601386,0.758254257443468
2023-06-16,0.17547225965720162,0.27039420646152995,27.039420646152994,2.4713600056075204,0.9086015918037382
2023-06-19,0.17786078103745548,0.22664708351861196,22.664708351861197,0.6254399944906591,0.9724046749342222
2023-06-20,0.17471366196418675,0.1973873184430844,19.73873184430844,4.4913332250193365,0.7724609027345194
2023-06-21,0.17673835780498612,0.2799732645857805,27.997326458578048,0.987583237200812,0.9647258019917745
2023-06-22,0.18094668790427867,0.25489702030470685,25.489702030470685,3.562640082504309,0.8602321801076572
2023-06-23,0.17919005656454823,0.1772224672165943,17.72224672165943,1.02157225569392,0.9423565041307435
2023-06-26,0.17309371664610163,0.10774416598058772,10.774416598058773,2.772039457553066,0.7427202269074592
2023-06-27,0.1780242044098173,0.27536148275389766,27.536148275389767,0.37237798502680053,0.9864767584303136
2023-06-28,0.17275700578110262,0.1762123293187804,17.62123293187804,5.179522798932423,0.7060635416967728
2023-06-29,0.16990873309553237,0.1624304260122623,16.24304260122623,4.824637589053797,0.7029720534815581
2023-06-30,0.1716172930546526,0.23982484423066963,23.982484423066964,1.8922026950284025,0.9211006390477029
2023-07-03,0.17659410111298235,0.31875172934497076,31.875172934497076,4.116163309139987,0.8708661654134825
2023-07-04,0.17920113686713293,0.2663351216340595,26.633512163405946,3.096420889363877,0.8837396708940883
2023-07-05,0.182363392499414,0.23803957081748311,23.80395708174831,3.5483206015388733,0.8509356831154956
2023-07-06,0.18623921197419416,0.21665832762752668,21.665832762752668,1.2868153960915256,0.9406062342406804
2023-07-07,0.18482761291810906,0.2170156578974721,21.70156578974721,0.28790355462597894,0.9867335123458235
2023-07-10,0.1878864508954521,0.25706219574238665,25.706219574238666,4.670505215091605,0.8183122492358961
2023-07-11,0.19031041998769152,0.19000190053988514,19.000190053988515,-0.12457564188898818,1.0065565471468976
2023-07-12,0.19461059373541648,0.2311860989946636,23.11860989946636,4.701805483658858,0.7966224827485242
2023-07-13,0.19570843872549262,0.18823993754535157,18.823993754535156,1.0743662661332476,0.9429257000324701
2023-07-14,0.1967924867341418,0.20632497938803387,20.632497938803386,5.648356294270093,0.7262398226805455
2023-07-17,0.19313021961604054,0.1905155585934613,19.05155585934613,2.1742561668132265,0.8858751388671178
2023-07-18,0.1879820788473967,0.1349130231587254,13.491302315872538,2.2631295726540808,0.8322526973551319
2023-07-19,0.18910552783479287,0.19814437378070499,19.814437378070497,2.2077958852495,0.8885764029972931
2023-07-20,0.18293214323956386,0.17093427897644814,17.093427897644816,3.0477923262484827,0.8216980032034173
2023-07-21,0.17896003885059747,0.16020070135884198,16.020070135884197,2.434427404747283,0.8480389046927903
2023-07-24,0.1799214208213824,0.2181583164395323,21.815831643953228,3.0962550393393156,0.8580730228454291
2023-07-25,0.18733362653798846,0.2412733999477886,24.12733999477886,0.5593308494004634,0.9768175501517572
2023-07-26,0.1847191008873438,0.2676624105846263,26.76624105846263,5.092974634453379,0.8097239495329456
2023-07-27,0.18437447586475414,0.15844304127928321,15.844304127928321,4.12630654242103,0.7395716145622512
2023-07-28,0.18562356274168093,0.15824139414255017,15.824139414255017,1.7826519605363689,0.8873460405100776
2023-07-31,0.18546775465783058,0.23301444652595998,23.301444652595997,1.5383599006431354,0.933980063314583
2023-08-01,0.17894920265806377,0.16130335404802584,16.130335404802583,2.0602849789558233,0.8722726510483841
2023-08-02,0.17588461986090653,0.21698447241760616,21.698447241760615,4.5969798417487135,0.7881424513685287
2023-08-03,0.17585822553513927,0.2296579731118776,22.96579731118776,2.7655889150895536,0.87957792722736
2023-08-04,0.17288089449413183,0.2092988060534953,20.92988060534953,6.803258424804071,0.6749499649288393
2023-08-07,0.17145605629863783,0.22801090917212213,22.801090917212214,4.379588892628375,0.807921958272519
2023-08-08,0.16746947708967597,0.13697857166323577,13.697857166323576,1.0339591459963966,0.9245167230580851
2023-08-09,0.16578841219839865,0.20597999569884148,20.59799956988415,5.003470145689004,0.7570895111093963
2023-08-10,0.16619904235114275,0.2554442013781192,25.54442013781192,6.26529240124177,0.7547295116725855
2023-08-11,0.16328399357851012,0.15097425286628036,15.097425286628036,3.4694002207547134,0.770199212455941
2023-08-14,0.1655591161057998,0.24010126536099005,24.010126536099005,4.24822758425741,0.8230651730272958
2023-08-15,0.1660563299685428,0.23883934024322212,23.883934024322212,5.962485220028937,0.7503558160076544
2023-08-16,0.1703333714325667,0.2508348166506118,25.08348166506118,4.873521847392589,0.8057079191609622
2023-08-17,0.17094718811991796,0.23160923116590992,23.160923116590993,4.265266580332347,0.8158421165313146
2023-08-18,0.1754285815239651,0.28028424290016657,28.028424290016655,4.571862570121282,0.8368847808633425
2023-08-21,0.17776917927608638,0.22337116058260117,22.33711605826012,3.8362180476684884,0.8282581315482811
2023-08-22,0.17660860843365073,0.20956592132697363,20.956592132697363,4.674214297198375,0.7769573283861612
2023-08-23,0.17419012313210344,0.2134337827082332,21.343378270823322,2.8541882586941876,0.8662728916445294
2023-08-24,0.17347580203312074,0.2582996501039849,25.829965010398492,5.656772894252943,0.7809995912895867
2023-08-25,0.1765602985549281,0.18448886457299749,18.44888645729975,0.25344617599693253,0.9862622507551587
2023-08-28,0.17852262203640282,0.20830188215003642,20.83018821500364,2.6678214501881126,0.871925235497079
2023-08-29,0.17539354989203146,0.19330205163613703,19.330205163613705,4.138171914840724,0.7859219868690153
2023-08-30,0.1760022860367693,0.16154612836312424,16.154612836312424,0.8062165065162163,0.9500937277367615
2023-08-31,0.17375852961428803,0.15426270177373613,15.426270177373613,3.0366912645723887,0.80314805655184
2023-09-01,0.17604333846031162,0.2509179741545667,25.091797415456668,0.09349044270891005,0.9962740635451122
2023-09-04,0.1755185407831161,0.16902405354484504,16.902405354484504,3.8778582960496437,0.7705735831840774
2023-09-05,0.17399800610894112,0.20684006683933753,20.684006683933752,5.455627475117383,0.7362393293290208
2023-09-06,0.17517061226008207,0.17323947872504109,17.323947872504107,2.197576934780898,0.8731480289046121
2023-09-07,0.17802069229988332,0.2401809576664097,24.018095766640972,2.438398258863206,0.8984766201886026
2023-09-08,0.1768497749428651,0.23741603676416606,23.741603676416606,6.921402389584719,0.7084694663461172
2023-09-11,0.18226070028801825,0.2501521715935583,25.015217159355828,2.024248868660894,0.9190793005806942
2023-09-12,0.18013886150286726,0.1724421280611193,17.244212806111932,1.9381753030874056,0.8876043038392306
2023-09-13,0.18070768428601106,0.23861061046396304,23.861061046396305,4.7450843975010955,0.8011369071863743
2023-09-14,0.17806418522376932,0.19952665687259727,19.952665687259728,5.294053900298756,0.7346693427696159
2023-09-15,0.1817236804498812,0.29670308249051014,29.670308249051015,3.0897117379574626,0.8958651958711523
2023-09-18,0.1768632254993986,0.17779629520538168,17.77962952053817,4.530023196656218,0.7452127339648245
2023-09-19,0.17721483732335883,0.24731323749571263,24.731323749571263,5.492040908663154,0.777931785444426
2023-09-20,0.17923994669870616,0.22152735421611075,22.152735421611077,1.6176278978826812,0.9269784129546094
2023-09-21,0.17979518783093323,0.20090877852983793,20.090877852983795,0.43568146317780054,0.9783144635905944
2023-09-22,0.17840740556823972,0.2167238725063288,21.67238725063288,4.413537886143715,0.7963520199642599
2023-09-25,0.17806706124431756,0.23802057086272876,23.802057086272875,6.321339885206581,0.734420438439658
2023-09-26,0.1780731941600799,0.21722191098934865,21.722191098934864,3.5469452110184263,0.8367132857425074
2023-09-27,0.17913031737184804,0.18845887060718416,18.845887060718418,1.4338950672323714,0.9239146948820932
2023-09-28,0.1822289460086973,0.2882248464063474,28.822484640634737,6.966968173455101,0.7582800976279166
2023-09-29,0.18911109510087068,0.28333662432388534,28.333662432388536,1.491570426023131,0.9473569493678269
2023-10-02,0.18471667885669016,0.16724522969968586,16.724522969968586,0.9544901099999226,0.9429287094338143
2023-10-03,0.1844767936296658,0.15873663713892625,15.873663713892624,3.3528756322089377,0.7887774560025168
2023-10-04,0.18562845677146514,0.22493938486418405,22.493938486418404,4.847066679823425,0.7845167629159282
2023-10-05,0.19191058363474806,0.31633554995692353,31.633554995692354,3.314717645075077,0.8952151395716842
2023-10-06,0.18867515707300675,0.1823222152276525,18.23222152276525,3.446919794644174,0.8109435106226492
2023-10-09,0.19235909323250405,0.2874290566420021,28.742905664200208,4.18643844242394,0.8543488090127846
2023-10-10,0.19317806226374734,0.27766786697703144,27.766786697703143,3.0559834413973808,0.8899410481065794
2023-10-11,0.19340644775429183,0.19929837377632018,19.92983737763202,4.144190344463997,0.7920610055195346
2023-10-12,0.19395880759612322,0.21294999898715072,21.294999898715073,1.0190675819739703,0.9521452178060137
2023-10-13,0.19865165269400573,0.26725796442351885,26.725796442351886,2.2122099498377343,0.9172256679194006
2023-10-16,0.1938435062773183,0.20123820573069892,20.123820573069892,3.6403315370198417,0.8191033594340725
2023-10-17,0.19571782638956053,0.17949944071562157,17.949944071562157,0.7642655119716041,0.9574224014891267
2023-10-18,0.19401972805779732,0.18406401601035793,18.406401601035792,2.7331252568303683,0.8515122447031382
2023-10-19,0.19087966403565454,0.16049358592331575,16.049358592331576,2.108385515103045,0.8686311665993657
2023-10-20,0.18885475614514502,0.20557344795687515,20.557344795687516,5.154454975951545,0.7492645559443631
2023-10-23,0.1868763702253649,0.18823244318320384,18.823244318320384,5.71900538536941,0.6961732372669047
2023-10-24,0.187188568640589,0.22786701306060417,22.786701306060415,4.650367433023514,0.7959174796491193
2023-10-25,0.1856385025395647,0.16977807072139547,16.977807072139548,2.0576999963741156,0.8788006020076182
2023-10-26,0.18636381285083944,0.2140759699313494,21.407596993134938,2.4724533459719478,0.8845057973220991
2023-10-27,0.18156424187369938,0.14035805187834807,14.035805187834807,2.259387772649317,0.8390268500871196
2023-10-30,0.17798396993202908,0.23011857253609763,23.01185725360976,3.688336324751937,0.8397201805963156
2023-10-31,0.18063353325891818,0.234602435550591,23.460243555059098,2.1261277086234016,0.9093731612958932
2023-11-01,0.17944509009131365,0.12613230221256005,12.613230221256005,2.5881727915418278,0.7948049194265716
2023-11-02,0.18032573507835903,0.21003901044705484,21.003901044705483,1.507674765315195,0.9282192978291888
2023-11-03,0.17775042013515707,0.2446804047603021,24.468040476030207,1.5573645061370405,0.936351073652069
2023-11-06,0.17697715070521142,0.14459084113735038,14.459084113735038,1.2976481884998614,0.9102537769133527
2023-11-07,0.17704087562215168,0.3013062288103842,30.13062288103842,5.440333333687608,0.8194417236189538
2023-11-08,0.17464338647032235,0.20163061412110586,20.163061412110586,0.48698537464640645,0.9758476471061132
2023-11-09,0.17435496053879773,0.15552068094329577,15.552068094329577,0.372115517363214,0.9760729238641328
2023-11-10,0.17316495643052537,0.22578619114507067,22.578619114507067,4.801695425137892,0.787334406910087
2023-11-13,0.17112672841032192,0.23426546026734035,23.426546026734034,3.193238376647145,0.8636914561368514
2023-11-14,0.1719936486625122,0.20895924527061915,20.895924527061915,2.591902961412271,0.8759613168560431
2023-11-15,0.17340762266736695,0.21394839903233187,21.394839903233187,1.2398159334477103,0.9420507029239162
2023-11-16,0.17276192232616558,0.16052862032905713,16.05286203290571,1.7355564052231793,0.8918849235939625
2023-11-17,0.17501738433517308,0.2147918946729774,21.47918946729774,2.8017461711534297,0.869559967548165
2023-11-20,0.1735613139507179,0.13598959216386713,13.598959216386714,1.2538172040066353,0.9078005026667196
2023-11-21,0.17568076958007706,0.20783998428907047,20.783998428907047,3.228902674301848,0.8446447787538808
2023-11-22,0.1738941198472694,0.12206815322940828,12.206815322940828,-2.177554111200011,1.1783883882561599
2023-11-23,0.17395972611101965,0.16464297743799974,16.464297743799975,1.4064175141590418,0.9145777405119716
2023-11-24,0.1758688828032476,0.2439100549987619,24.39100549987619,1.4466327990344419,0.9406899072265887
2023-11-27,0.18091117950191027,0.24724630175261514,24.724630175261513,2.3593896928844393,0.9045733070157242
2023-11-28,0.18144119452799165,0.225362585563324,22.5362585563324,2.099706072703694,0.9068298729598262
2023-11-29,0.17777292457316976,0.17335946421415255,17.335946421415255,3.705197480105571,0.7862708276758109
2023-11-30,0.18096783351198242,0.18594191706689828,18.594191706689827,1.8598255054690371,0.8999781472189561
2023-12-01,0.18256600709318546,0.27209657887446265,27.209657887446266,4.357267087529531,0.8398632167462919
2023-12-04,0.18049752694302665,0.21150556237498924,21.150556237498925,2.5836885829393057,0.8778429959984433
2023-12-05,0.18721937562621313,0.30329164313405016,30.329164313405016,3.0518461534782384,0.8993758574439399
2023-12-06,0.18478270029774965,0.2052843876811936,20.528438768119358,0.9551674105418712,0.9534710154371191
2023-12-07,0.18435037669227153,0.21361850688520254,21.361850688520253,2.5936542225601267,0.8785847602635879
2023-12-08,0.18510446315237802,0.17431789373902862,17.431789373902863,0.6682552307128692,0.9616645648717329
2023-12-11,0.18546505359512083,0.1798721331551992,17.98721331551992,-0.5469503036092088,1.0304077287579219
2023-12-12,0.1841111550257832,0.1929072003388468,19.290720033884682,1.9005993794068587,0.9014759751803767
2023-12-13,0.1853151612834521,0.23142693171895007,23.142693171895008,2.3102584651406466,0.9001733096497916
2023-12-14,0.18611124952030586,0.26277461887147713,26.277461887147712,4.450652619969378,0.8306285196384896
2023-12-15,0.18636779072520376,0.173751834677518,17.3751834677518,2.5191413097835986,0.8550149807362262
2023-12-18,0.18350951686312025,0.15358835745635158,15.358835745635158,2.6837675598662707,0.8252623047532119
2023-12-19,0.18270477233702823,0.14904499614915515,14.904499614915515,4.249321107328702,0.7148967615741866
2023-12-20,0.1838842340289544,0.22061623452736473,22.061623452736473,2.0296581450862994,0.9080005082384567
2023-12-21,0.18350431219141328,0.16815956325333387,16.815956325333385,3.229422750028882,0.8079548562359354
2023-12-22,0.18080457761929383,0.11124350757728195,11.124350757728195,1.7359131295381274,0.843953758080473
2023-12-25,0.17919026415133293,0.21843124680859743,21.843124680859745,2.288810262735888,0.8952159868985465
2023-12-26,0.18186014871673964,0.2964877126754034,29.64877126754034,1.6767731978091782,0.9434454405317997
2023-12-27,0.18068832198826904,0.19825414205356667,19.82541420535667,1.849697851516241,0.9067006705455634
2023-12-28,0.1843660430151723,0.25310107362977197,25.310107362977195,3.9561442651706304,0.8436931061399783
2023-12-29,0.18512459122134825,0.20040034902102763,20.040034902102764,1.712717467912503,0.9145352053387497
2024-01-01,0.1826255676915,0.23464532218698392,23.46453221869839,5.860090831462964,0.7502575045245019
2024-01-02,0.18410625258549593,0.2663609336802517,26.636093368025172,4.959787436074098,0.8137944867685444
2024-01-03,0.17913557813945719,0.17985517639024537,17.985517639024536,1.1466158157791422,0.9362478279028654
2024-01-04,0.1788957199959858,0.23379648361696545,23.379648361696546,4.310079105408934,0.8156482493350823
2024-01-05,0.17914266988114008,0.19544191065525857,19.544191065525858,0.2573998407418038,0.9868298544626984
2024-01-08,0.17845890990125332,0.16364840788524807,16.364840788524806,1.037202603097001,0.9366200614781234
2024-01-09,0.18009415074840424,0.24610652912376677,24.610652912376676,2.6424835142305843,0.892628467694911
2024-01-10,0.18005131280494735,0.21083354068803,21.083354068803,3.783193095584636,0.8205601877557699
2024-01-11,0.1772630197836494,0.1785139776365236,17.85139776365236,2.8743784016237397,0.8389830062788514
2024-01-12,0.1764626531679843,0.22996101368128824,22.996101368128823,2.850061993847211,0.8760632531478914
2024-01-15,0.1762484083655403,0.14909673082786373,14.909673082786373,0.5035450099505234,0.9662269583541788
2024-01-16,0.17883776857682965,0.23885296422627075,23.885296422627075,5.772571793150563,0.7583211155930191
2024-01-17,0.1823179331034184,0.2267788300639912,22.677883006399117,4.714358992975934,0.7921164426306608
2024-01-18,0.18341870308231178,0.28585404287059574,28.585404287059575,6.2418220237332624,0.7816430384873411
2024-01-19,0.18642454087098576,0.24062502821691747,24.062502821691748,4.163709890171938,0.8269627261542196
2024-01-22,0.19047761445995212,0.22698335657979402,22.698335657979403,4.7984434929599775,0.7885993244058347
2024-01-23,0.1912951148307508,0.25034833382980537,25.034833382980537,3.763768186179389,0.849658748328714
2024-01-24,0.18919455870043564,0.27361060373656426,27.361060373656425,3.8002301775871716,0.8611080811310193
2024-01-25,0.1902686181630866,0.19248107184229932,19.24810718422993,-0.9831340411775163,1.0510769205391273
2024-01-26,0.18869121215430895,0.20856933413936984,20.856933413936986,2.8155229345634636,0.8650078188060916
2024-01-29,0.18603661102878946,0.1805583544379279,18.055835443792787,5.3031803731934275,0.7062899476625133
2024-01-30,0.18419618434329568,0.15830137420387325,15.830137420387324,2.0905920726888154,0.8679359491853569
2024-01-31,0.18186418208169106,0.19095812233622916,19.095812233622915,2.3167110510415867,0.8786796276221002
2024-02-01,0.18125611035222317,0.18391638491351534,18.391638491351532,2.8296872999886675,0.8461427294082963
2024-02-02,0.1803906558435425,0.21920503550902912,21.92050355090291,4.668388762844697,0.7870309524594655
2024-02-05,0.1798858027363065,0.2409456934981075,24.094569349810747,5.867969650222321,0.7564609034911673
2024-02-06,0.182167294561068,0.22738970767639605,22.738970767639604,2.6201997502126817,0.8847705211908028
2024-02-07,0.1801434066989811,0.2290469369083687,22.90469369083687,5.1866888030732365,0.7735534527078964
2024-02-08,0.1814033331761651,0.2210448741249419,22.10448741249419,2.158480837189383,0.9023510114978129
2024-02-09,0.18296565617483745,0.186422641354705,18.642264135470498,0.3843664762300192,0.9793819852869327
2024-02-12,0.1781809392035531,0.12204994956724473,12.204994956724473,2.106861222139959,0.8273771329189151
2024-02-13,0.17810309651397652,0.19877888635077284,19.877888635077284,5.635230210352302,0.7165076073316882
2024-02-14,0.1777749656318989,0.1801712837391784,18.01712837391784,0.5934785968043033,0.9670603114720856
2024-02-15,0.17548815468676193,0.1467490131947865,14.67490131947865,1.5136802908430806,0.8968524381943267
2024-02-16,0.174562503570885,0.23879367610363314,23.879367610363314,3.479652690378496,0.8542820418381442
2024-02-19,0.17657403233176835,0.2984707162483275,29.84707162483275,5.724068295457959,0.8082201038879963
2024-02-20,0.17894315387546827,0.2779025447706094,27.790254477060937,4.915207070271671,0.8231319877142954
2024-02-21,0.17697894593236257,0.22115824851193894,22.115824851193892,4.969596334914728,0.7752922910019134
2024-02-22,0.17717040990918664,0.2564460041052388,25.644600410523882,1.6816958631240748,0.9344230038213444
2024-02-23,0.17639109019652044,0.2001630792196714,20.01630792196714,1.4216380931586947,0.928976008028009
2024-02-26,0.175729302404213,0.1727541157269512,17.27541157269512,0.6237554571672799,0.9638934531578301
2024-02-27,0.1770596520590877,0.20163353404432605,20.163353404432605,4.616964058596365,0.7710220137498857
2024-02-28,0.17851230725258724,0.17071864036160267,17.071864036160267,0.2817427821127816,0.9834966596784033
2024-02-29,0.17835430322556517,0.19704332646311074,19.704332646311073,3.2570399204759903,0.8347043780198385
2024-03-01,0.17983988117706,0.20399681728905422,20.39968172890542,1.7180168394034716,0.9157821743380868
2024-03-04,0.1805018721942701,0.22852193616301358,22.85219361630136,4.209897692101899,0.8157770863144265
2024-03-05,0.18039976951856784,0.18244407014475894,18.244407014475893,0.23222293386223614,0.9872715548563469
2024-03-06,0.18022309411930998,0.22995320831272192,22.995320831272192,3.247568152286795,0.8587726530925237
2024-03-07,0.1826252751723489,0.2592700260543697,25.92700260543697,3.164417506291606,0.8779489648514935
2024-03-08,0.18350727991828247,0.2319672061000098,23.19672061000098,1.3985040682356842,0.9397111302175732
2024-03-11,0.1805560944263586,0.16513644948456876,16.513644948456875,4.453236822256492,0.7303298674425827
2024-03-12,0.17945427620055274,0.08669388021460785,8.669388021460785,0.8850725610686048,0.8979083000002265
2024-03-13,0.1830231434482823,0.2525378036589664,25.253780365896638,3.5165007209395442,0.8607534923488794
2024-03-14,0.18069401746219885,0.18868554948201202,18.8685549482012,6.336069741862888,0.6641995235323029
2024-03-15,0.1825700733497197,0.19936750078290483,19.936750078290483,2.8358116858612172,0.8577595809384606
2024-03-18,0.17919856524294717,0.157512779328746,15.751277932874599,2.431730037112037,0.8456169685104243
2024-03-19,0.1728505056811877,0.13015981991954903,13.015981991954902,2.2239037422749823,0.8291405332575319
2024-03-20,0.17156041211263048,0.23451382060435882,23.451382060435883,3.2855311476167297,0.8599003189172526
2024-03-21,0.1734129797911693,0.24119313877100218,24.11931387710022,3.0826932358896304,0.8721898453829379
2024-03-22,0.16947538638626133,0.1910374511004564,19.10374511004564,3.409786712952517,0.8215121331806562
2024-03-25,0.16425689162560037,0.09834477951612772,9.834477951612772,2.1986471201924123,0.7764347908439967
2024-03-26,0.16385849452629664,0.16106494614058736,16.106494614058736,0.2914724070686686,0.9819034238018337
2024-03-27,0.1657731738957128,0.23715523023508675,23.715523023508673,4.148307001898491,0.8250805180308962
2024-03-28,0.16353233221516805,0.14712609901608872,14.712609901608872,2.6282561767053876,0.8213603028774671
2024-03-29,0.16462097362149258,0.20479203525293085,20.479203525293084,1.7457638461764624,0.9147543094622632
2024-04-01,0.16426720967568595,0.19257283323908994,19.257283323908993,1.318522720600976,0.931531218686285
2024-04-02,0.16506476685387875,0.20621527210789015,20.621527210789015,0.30436121238466285,0.9852406075809252
2024-04-03,0.16528673704104208,0.21306425631959108,21.306425631959108,2.828104158302497,0.8672651993743892
2024-04-04,0.16260100921127463,0.1965462290699468,19.65462290699468,5.5468986705209,0.7177814757999315
2024-04-05,0.1626122953577092,0.23522954603883808,23.522954603883807,0.7366685972258452,0.9686829903117606
2024-04-08,0.1605016597225315,0.19455589628724507,19.455589628724507,2.089707920832387,0.8925908717900221
2024-04-09,0.16327802815860762,0.17130216334523274,17.130216334523276,-0.7605655074369971,1.0443990602678026
2024-04-10,0.16636498658875765,0.1712195707023126,17.12195707023126,2.855028906524046,0.8332533544609873
2024-04-11,0.16374098246984187,0.18983360787930717,18.983360787930717,2.756489792696759,0.8547944263668378
2024-04-12,0.16465922244010572,0.15631682940304023,15.631682940304023,1.170893796411629,0.9250948345815888
2024-04-15,0.1647579259486186,0.1894781499563752,18.947814995637522,1.6395992353312128,0.9134676354129113
2024-04-16,0.1702471097699552,0.25099457153006394,25.099457153006394,0.25262323243702145,0.9899351117079135
2024-04-17,0.1710663084264288,0.16445390174539168,16.445390174539167,3.9329947462645927,0.7608451545069649
2024-04-18,0.1669615005672259,0.14648195912287118,14.648195912287118,3.102441503794083,0.7882031669721382
2024-04-19,0.1683177199333039,0.23118025985891255,23.118025985891254,-0.7666553240831792,1.0331626638256683
2024-04-22,0.16901712321630366,0.17987579574236354,17.987579574236353,0.8248742828438183,0.9541420078538367
2024-04-23,0.1726780176038941,0.16285915179621532,16.285915179621533,0.9622061342611982,0.940917896007146
2024-04-24,0.1756992540527485,0.269740576219182,26.974057621918202,4.814438872333896,0.8215159565603565
2024-04-25,0.17379940730010202,0.14610774242559943,14.610774242559943,-0.966763598492601,1.0661678554772616
2024-04-26,0.18009449545690404,0.27217891000082123,27.217891000082123,1.9138521458943791,0.9296840395940815
2024-04-29,0.18103652584082808,0.22902458065212633,22.902458065212635,2.1907545798555583,0.9043441287560668
2024-04-30,0.18013633239516577,0.2102359626891892,21.023596268918922,4.9752419015017315,0.7633496268734441
2024-05-01,0.18314207851643133,0.3027198303191044,30.271983031910437,3.6427501788484253,0.8796659546548863
2024-05-02,0.18176056367563612,0.18074944657627023,18.07494465762702,2.4978043496403783,0.8618084648692748
2024-05-03,0.18502754331923774,0.23417747959021823,23.417747959021824,2.4493664709845957,0.8954055498730841
2024-05-06,0.18331844061207964,0.20037623493987647,20.037623493987645,0.8404531723616798,0.9580562449127832
2024-05-07,0.18609990892146205,0.26763741047358935,26.763741047358934,3.556775889763744,0.8671046815364876
2024-05-08,0.18912622460953213,0.2846967262242343,28.46967262242343,4.2236278355160195,0.8516446644283017
2024-05-09,0.19096483814884443,0.2358985553878366,23.58985553878366,5.461838942520594,0.7684666218688417
2024-05-10,0.19037410363616886,0.23473890051328122,23.473890051328123,8.487561532712856,0.6384254371919647
2024-05-13,0.19293557955419938,0.20395081489083886,20.395081489083886,0.5551929173274212,0.9727780976200278
2024-05-14,0.19197411420214472,0.1972249121429338,19.72249121429338,4.433352693301806,0.7752133518462999
2024-05-15,0.19254874042573386,0.2937711100907377,29.37711100907377,3.32356201896728,0.8868655934907717
2024-05-16,0.19542195275718927,0.2217655866692223,22.17655866692223,3.6304173425912802,0.8362948283763124
2024-05-17,0.19779955246493142,0.19943483708959917,19.943483708959917,3.4047699142083525,0.8292790786256311
2024-05-20,0.1953490952808768,0.20456794651327176,20.456794651327176,1.7180734278675418,0.9160145341852919
2024-05-21,0.19318185220968087,0.13095662033955902,13.095662033955902,0.4841671920746887,0.9630284295044201
2024-05-22,0.19260558306710807,0.1811105901406641,18.11105901406641,3.9975151681090173,0.7792776686882724
2024-05-23,0.1929113149157716,0.21462491934290728,21.46249193429073,-1.3391636974869725,1.062395536435701
2024-05-24,0.19281364112675342,0.19180941143154528,19.180941143154527,3.8085182590401114,0.8014425762210667
2024-05-27,0.18734141122917464,0.17129246328364328,17.129246328364328,3.316890259092087,0.8063609924506926
2024-05-28,0.18707231957429465,0.21643404737421645,21.643404737421644,1.496793727312501,0.9308429636893252
2024-05-29,0.1902601587415493,0.2701613997644808,27.016139976448077,4.273323357796091,0.8418233188930226
2024-05-30,0.18752043511754848,0.267866462205359,26.786646220535896,5.910832977875632,0.7793365795325242
2024-05-31,0.1905714115152802,0.23527289724373351,23.52728972437335,1.5430989811500873,0.9344123781690206
2024-06-03,0.18771638206655875,0.18537813452888025,18.537813452888024,3.564993807165867,0.8076907065536106
2024-06-04,0.1844380901672286,0.1416895221691498,14.16895221691498,1.8561948838823548,0.8689956141099539
2024-06-05,0.18481826609590798,0.26560040619361247,26.560040619361246,2.554706011539301,0.9038139267875585
2024-06-06,0.18122933079006232,0.19797143336332407,19.797143336332407,3.0878626917009515,0.8440248353390462
2024-06-07,0.1806905933319274,0.22208820277144567,22.208820277144568,5.212152342964757,0.7653116069236392
2024-06-10,0.1846555685932517,0.24013210146291472,24.01321014629147,0.7004335788952404,0.9708313226499867
2024-06-11,0.18483891691032128,0.24275395712991144,24.275395712991145,4.050475675388504,0.833144813650932
2024-06-12,0.18699816099000455,0.22721580552981807,22.721580552981806,2.8980294646553775,0.8724547591265581
2024-06-13,0.18728695165167017,0.2993092315108728,29.93092315108728,3.270913771482947,0.8907179122083266
2024-06-14,0.18580113534412185,0.1775189136234366,17.75189136234366,2.3259642838642347,0.8689737202426664
2024-06-17,0.1882643004477282,0.2654474122633183,26.54474122633183,4.833380714006882,0.8179156966423063
2024-06-18,0.18802112486493236,0.21163041034278202,21.1630410342782,2.934988534689864,0.8613153690938838
2024-06-19,0.1910986840428237,0.2165401867458131,21.65401867458131,2.579649559128283,0.8808697083947554
2024-06-20,0.19586074588077262,0.27842944584074536,27.842944584074537,3.7290708784244093,0.8660676543328918
2024-06-21,0.19454154940143015,0.24089923980275202,24.089923980275202,4.0585809551167085,0.8315237126343832
2024-06-24,0.19681810246432735,0.2328624432123528,23.28624432123528,3.13306000503675,0.8654544733871216
2024-06-25,0.2008550897405021,0.24787486873560236,24.787486873560237,2.4974575243210255,0.8992452305850757
2024-06-26,0.19913774596513034,0.22183966933682914,22.183966933682914,5.643777851854456,0.7455920364141341
2024-06-27,0.1952807672565551,0.2031681650989228,20.31681650989228,5.673655179248308,0.7207409351516366
2024-06-28,0.19192121962858155,0.1752786605404948,17.52786605404948,3.707102830133613,0.7885023300211061
2024-07-01,0.18627854481871142,0.14549203692592616,14.549203692592616,4.4146300500966245,0.6965723936943553
2024-07-02,0.19163664428253957,0.2736533634343342,27.365336343433423,1.1405078236721322,0.9583229013026252
2024-07-03,0.19224350580829228,0.18052524387810032,18.05252438781003,4.465357850696766,0.7526463471384645
2024-07-04,0.1889623871882137,0.20756570098445265,20.756570098445266,3.6415845927883552,0.8245574979143051
2024-07-05,0.18904975202431504,0.22325023649991052,22.325023649991053,5.432276849546735,0.756673187239875
2024-07-08,0.19011306576577058,0.19581434159647282,19.58143415964728,0.3518073684108808,0.9820336260591233
2024-07-09,0.18913695732899008,0.23372584068299945,23.372584068299947,2.109635218142758,0.9097388969923937
2024-07-10,0.18971646871748357,0.20890546509302263,20.89054650930226,-0.5513474441367183,1.0263921982075104
2024-07-11,0.1877374873638635,0.18214321934525227,18.214321934525227,2.546631688800982,0.86018520491977
2024-07-12,0.18329534629969682,0.22820816286232434,22.820816286232436,5.4893031413780795,0.7594607014697489
2024-07-15,0.18505934283468436,0.22076582920225452,22.07658292022545,2.9462631182722547,0.8665435167698422
2024-07-16,0.18281833092179905,0.18594295827208157,18.594295827208157,1.5890603319423464,0.9145404404281259
2024-07-17,0.18577134511441412,0.2918569729801114,29.18569729801114,4.7563149939311655,0.8370326757875582
2024-07-18,0.18619493115779506,0.23745265289506212,23.74526528950621,3.781365482953208,0.8407528643352612
2024-07-19,0.18468332993805653,0.21441474918982767,21.441474918982767,0.5019637747834982,0.9765891210058925
2024-07-22,0.18497865472353803,0.23936467168111442,23.93646716811144,3.284942093441792,0.862764121774075
2024-07-23,0.18618851715865364,0.21383381296092907,21.383381296092907,-1.3105141338483923,1.0612865718336064
2024-07-24,0.18449044900892778,0.20776893280620287,20.776893280620286,2.0528070458054604,0.9011975939771408
2024-07-25,0.18271544097385545,0.1356487900994598,13.56487900994598,0.7522068017693673,0.9445474743108407
2024-07-26,0.18507524596260141,0.23800271294210484,23.800271294210486,4.201519487199917,0.8234675800430076
2024-07-29,0.18582467891541898,0.19156321461289427,19.156321461289426,3.7617490364567434,0.803628841578046
2024-07-30,0.18856323112042134,0.18899260610195007,18.899260610195007,3.013727337194036,0.8405372887673546
2024-07-31,0.185763529956259,0.2419429412601979,24.19429412601979,3.8488380509994173,0.8409195973665469
2024-08-01,0.19022351364607865,0.24675593974712673,24.675593974712672,1.7224616889781301,0.9301957354808442
2024-08-02,0.19068546640859646,0.2429143054033392,24.29143054033392,6.206344233389674,0.7445047864478566
2024-08-05,0.19180098319428765,0.24148502992862803,24.148502992862802,4.913170942466949,0.7965434567965121
2024-08-06,0.1944577608072898,0.28273952100347766,28.273952100347767,3.465092321806815,0.8774457737811547
2024-08-07,0.1933625531252884,0.23990783148743555,23.990783148743557,5.027770430789283,0.790429082718269
2024-08-08,0.19667914288875635,0.2921456668988722,29.21456668988722,0.8078342331656441,0.972348238406518
2024-08-09,0.19886692781104295,0.22864931204665856,22.864931204665854,2.60289262213968,0.886162236884031
2024-08-12,0.19583142105795837,0.11686546838675244,11.686546838675243,0.7295978752985155,0.937569421885685
2024-08-13,0.19672810995437023,0.22319228539809627,22.319228539809625,1.3058620553914961,0.941491613248984
2024-08-14,0.1979278233087823,0.19975597003967488,19.975597003967486,0.4509634644363769,0.9774242810191451
2024-08-15,0.19732288460033037,0.29073691676113284,29.073691676113285,5.9146806597823005,0.7965624480828571
2024-08-16,0.19766994440915267,0.24247232318665157,24.24723231866516,3.5545069135853256,0.8534056643302288
2024-08-19,0.19600645151385063,0.21462238753645216,21.462238753645217,4.016062689580313,0.8128777367692729
2024-08-20,0.19241182388536152,0.1631920987043381,16.31920987043381,3.216402815591274,0.8029069519218228
2024-08-21,0.1897784960477018,0.16553719237621134,16.553719237621134,-0.6101877332347655,1.0368610657505903
2024-08-22,0.18781365411834366,0.18351599340610913,18.351599340610914,3.7536811574481135,0.7954575463544773
2024-08-23,0.18917805125767917,0.15684349309268278,15.684349309268278,0.006443108487169669,0.9995892014160025
2024-08-26,0.18953784259609435,0.24098244652439146,24.098244652439146,3.743931034756709,0.8446388486483491
2024-08-27,0.1939592928782719,0.2551192122660421,25.511921226604212,0.8323032091985871,0.9673759101948524
2024-08-28,0.19571793709079144,0.25174657229728054,25.174657229728055,5.595971110436129,0.7777141090990505
2024-08-29,0.19232318074642898,0.18124420353682336,18.124420353682336,4.907952601823073,0.7292077481073249
2024-08-30,0.19081140854983186,0.23813210526979015,23.813210526979013,4.034799854098453,0.8305646418601451
2024-09-02,0.19305018933061202,0.27013740768217803,27.013740768217804,4.2272148216352,0.8435161254449957
2024-09-03,0.19130044472695806,0.1723031874517149,17.23031874517149,1.669450362449021,0.9031097226267589
2024-09-04,0.18780285975303773,0.20220709767671816,20.220709767671817,2.756778434363488,0.8636655950242196
2024-09-05,0.1873722597820675,0.18860407412001917,18.860407412001916,0.8016546330851304,0.9574953702975157
2024-09-06,0.18092162849204346,0.18456896501085274,18.456896501085275,3.5964897534142337,0.8051411431384058
2024-09-09,0.18107928713625737,0.2611055734179022,26.11055734179022,5.517435606414783,0.7886894739859087
2024-09-10,0.18420274353730126,0.21877012368825302,21.8770123688253,4.360804963256429,0.8006672533827989
2024-09-11,0.18356691653311555,0.2116165355211128,21.16165355211128,1.483523776483167,0.9298956590121873
2024-09-12,0.18115043927085864,0.1461685070437268,14.61685070437268,0.16681941558108204,0.9885871848214761
2024-09-13,0.17786051345294213,0.15591749595736082,15.591749595736083,-0.6584172029702767,1.0422285644678604
2024-09-16,0.1779542277511475,0.2507516313857168,25.075163138571682,4.1856377072605975,0.8330763519212335
2024-09-17,0.1775077950499894,0.1856267137092982,18.56267137092982,2.0540039792968896,0.8893476085282868
2024-09-18,0.1831292466452709,0.27467953427382635,27.467953427382636,2.560098022449014,0.9067969141123973
2024-09-19,0.1827661744008355,0.23964839914593367,23.964839914593366,7.5633846570517775,0.6843966125371002
2024-09-20,0.18481418426742824,0.23272739633351838,23.27273963335184,4.374000730344296,0.8120547559396069
2024-09-23,0.1876963067087193,0.2450075585681334,24.50075585681334,2.770392529320981,0.8869262423775154
2024-09-24,0.18387355597090285,0.15784962576579828,15.784962576579828,3.458425508311955,0.7809037879226127
2024-09-25,0.17733886393979392,0.12794127260042099,12.7941272600421,1.8373625079652025,0.8563901647513269
2024-09-26,0.17368109661714046,0.13571981693844473,13.571981693844473,1.6746069521248532,0.8766129376018562
2024-09-27,0.17836389121802115,0.25683729600680105,25.683729600680106,2.633393186971378,0.8974684273696121
2024-09-30,0.17646587061971145,0.17398037812178704,17.398037812178703,1.6054703957484928,0.9077211802227113
2024-10-01,0.1790593330940402,0.27139688260326117,27.139688260326118,-1.0931088823468937,1.0402771347946853
2024-10-02,0.17914606700958688,0.19470958479732386,19.470958479732385,3.7279488743619416,0.8085379886027481
2024-10-03,0.17975286409505348,0.209437588932204,20.943758893220398,2.205553680432251,0.8946916027979008
2024-10-04,0.18266223887188904,0.23753638656541284,23.753638656541284,-0.4148011537302182,1.0174626363450212
2024-10-07,0.18797841258853926,0.28429657875561026,28.429657875561027,2.4052863229245327,0.915395171709323
2024-10-08,0.19067026619385838,0.2979904828304557,29.799048283045572,3.5530339764999805,0.880766864003455
2024-10-09,0.19320229358281252,0.2839245168702105,28.392451687021047,5.558986764648477,0.8042089909696091
2024-10-10,0.1943537794531067,0.25590481083136624,25.590481083136623,3.494230979890775,0.8634558307622684
2024-10-11,0.19717286350454147,0.2186702847626878,21.86702847626878,1.4969206794640477,0.9315443942880222
2024-10-14,0.19948870993595114,0.23485563169093432,23.48556316909343,2.3721188644268807,0.8989967220565294
2024-10-15,0.1970628678899391,0.16697454206026013,16.697454206026013,0.9021970713401467,0.9459679864841583
2024-10-16,0.19621455221121428,0.19903127018963535,19.903127018963534,5.175922552652764,0.73994425359788
2024-10-17,0.19291866971855837,0.20960045401047003,20.960045401047005,2.9735432306908116,0.8581327867475766
2024-10-18,0.19335572031491963,0.18242054524289064,18.242054524289063,0.9227930143887786,0.9494139756484068
2024-10-21,0.19206445788619741,0.2041442750419524,20.41442750419524,4.227339701504343,0.7929239161551012
2024-10-22,0.1916145466777853,0.20976541184127018,20.97654118412702,0.19099139430015788,0.9908950006283838
2024-10-23,0.19613582466160157,0.2282543051102177,22.825430511021768,1.0042096767397257,0.9560047870179351
2024-10-24,0.19965814027735895,0.20958973135416364,20.958973135416365,2.6053455902489753,0.8756930707713693
2024-10-25,0.20537849531664534,0.29964399008196,29.964399008196,6.054278683974957,0.797950938968642
2024-10-28,0.2007989272831964,0.1365925894988264,13.659258949882641,0.22601540641666307,0.9834533185697746
2024-10-29,0.20148121049579204,0.1547955626740606,15.47955626740606,-1.7458058954750666,1.112781391489306
2024-10-30,0.19524307410289482,0.18605644448854028,18.60564444885403,3.4729337312652486,0.8133397775706095
2024-10-31,0.19276252359162688,0.14658041670104446,14.658041670104446,4.124188138396686,0.718639895340992
2024-11-01,0.1922535102791702,0.23737321392425417,23.737321392425418,6.0680441357962165,0.74436693864993
2024-11-04,0.1890842579725966,0.20106995926348603,20.106995926348603,2.5939859598817367,0.8709908745501596
2024-11-05,0.18814589007751661,0.2527954244358125,25.27954244358125,1.2257434706127253,0.9515124344774699
2024-11-06,0.18542076266402782,0.23920969484824922,23.920969484824923,3.3977227466058135,0.8579604915778487
2024-11-07,0.1811682806546519,0.1254712790408112,12.54712790408112,-1.3561247986020597,1.1080824877987385
2024-11-08,0.18274929025564757,0.28495640937320715,28.495640937320715,3.0792706719839638,0.8919388871176066
2024-11-11,0.1839464459629317,0.27358367440076004,27.358367440076,4.474232657974592,0.8364583461431073
2024-11-12,0.18357261096731642,0.258515810371884,25.8515810371884,5.523190223313934,0.7863500025252369
2024-11-13,0.18419109023870442,0.20172458897137588,20.172458897137588,3.0783952925369173,0.8473961301280067
2024-11-14,0.18392206099432126,0.18376743148199828,18.37674314819983,4.214500095093748,0.7706612068794901
2024-11-15,0.18321952324449248,0.15198665532942618,15.198665532942618,-1.3125073627731687,1.0863567501981244
2024-11-18,0.18561749132492888,0.23211206043572113,23.211206043572112,0.8562115647553714,0.9631121466438198
2024-11-19,0.19007047104923722,0.3006868762498769,30.06868762498769,4.530342401249254,0.8493335506440778
2024-11-20,0.19168353025079055,0.2611721381394614,26.117213813946137,1.9442397008573837,0.9255571549588802
2024-11-21,0.18893275952630142,0.1924052301958019,19.24052301958019,3.1959207067252886,0.8338963705158665
2024-11-22,0.18663176082233784,0.1757921049868099,17.57921049868099,4.057680231837035,0.7691773340935025
2024-11-25,0.18408577256682537,0.21372906668816372,21.37290666881637,2.8093616811715574,0.8685550016802118
2024-11-26,0.18289196256410284,0.1546575505409701,15.465755054097011,4.539512516348418,0.7064797353591953
2024-11-27,0.18387639527546376,0.2214355759362916,22.14355759362916,2.850886736890035,0.8712543490432516
2024-11-28,0.18496062334080499,0.206438930876016,20.6438930876016,3.234303432796276,0.8433288033864723
2024-11-29,0.18762824260786176,0.20896981119473793,20.896981119473793,4.7611271269467625,0.7721619644614651
2024-12-02,0.18474819997657776,0.15370709724810244,15.370709724810244,3.7495219938774262,0.7560605813910317
2024-12-03,0.18595838590982158,0.21713433789898343,21.713433789898342,1.6590333636194776,0.9235941500698381
2024-12-04,0.1820609562280996,0.19962085922701683,19.962085922701682,4.092889281349329,0.7949668538048555
2024-12-05,0.1786309971418804,0.15997752274254512,15.997752274254513,2.6774196170956666,0.8326377624058794
2024-12-06,0.17511085354387576,0.08,8.0,1.4890488531265982,0.8138688933591752
2024-12-09,0.17152683931266657,0.21434028537465266,21.434028537465267,3.544088157667813,0.8346513278419415
2024-12-10,0.17257677817198921,0.278704275654521,27.8704275654521,2.7814211787731247,0.9002017040376895
2024-12-11,0.1746323239073783,0.27438117799625666,27.438117799625665,2.793080941434187,0.8982043534534175
2024-12-12,0.17419306265454698,0.21520874342197183,21.52087434219718,5.34925936854227,0.7514385668776628
2024-12-13,0.1748734953714264,0.1649971598677927,16.49971598677927,0.9085642282263939,0.9449345534823509
2024-12-16,0.17647536400408562,0.20216179562495443,20.216179562495444,0.3410825381953475,0.9831282395795438
2024-12-17,0.17249987055857613,0.16994334830451754,16.994334830451756,2.987876587204921,0.8241839638318168
2024-12-18,0.16948502407073776,0.2045361654075851,20.45361654075851,1.2464489414806463,0.9390597286794337
2024-12-19,0.16800471311857107,0.27547872698107345,27.547872698107344,6.483551584568584,0.7646442011831269
2024-12-20,0.171272870538896,0.2462390044353145,24.62390044353145,1.7161675479942184,0.9303048048001248
2024-12-23,0.1732147055042466,0.20161484510237926,20.161484510237926,2.562100816157736,0.8729210235061455
2024-12-24,0.17255840074788814,0.1953431959168139,19.53431959168139,2.3490145923892536,0.879749351833602
2024-12-25,0.17425450889799537,0.15095513132432262,15.095513132432261,0.6074434794585054,0.9597599979457849
2024-12-26,0.1720639411489961,0.1664031888010508,16.640318880105077,1.9478402962645192,0.882944533076627
2024-12-27,0.1719137005668954,0.2142696680451171,21.42696680451171,4.332882372117819,0.797783680179806
2024-12-30,0.17350113296438954,0.23647548508496433,23.64754850849643,4.1780864812317215,0.8233184095285582
2024-12-31,0.17827882380915153,0.23709086464840198,23.709086464840198,2.054747959907202,0.913335000783167
2025-01-01,0.17577067322391332,0.18070134173263744,18.070134173263742,3.282849975985125,0.8183273049049977
2025-01-02,0.17962855781176365,0.22529371394341233,22.529371394341233,-1.4413828814968528,1.0639779448910363
2025-01-03,0.18134054492541646,0.19203706011746294,19.203706011746295,2.2882004159165694,0.8808458943020191
2025-01-06,0.18677082096147973,0.2258815197389034,22.58815197389034,4.6736211512840855,0.7930941337438172
2025-01-07,0.18539996996319935,0.1668624704014314,16.68624704014314,1.6750937567344333,0.8996123123009891
2025-01-08,0.1774066521404514,0.10057346744991977,10.057346744991976,1.7543077860837446,0.8255695233976797
2025-01-09,0.17592624486771458,0.25988264630257285,25.988264630257284,4.4520830448130875,0.8286887136115402
2025-01-10,0.17820041658900734,0.2182931214582182,21.82931214582182,0.8819365574520871,0.9595985181960536
2025-01-13,0.17881162516661414,0.22807867156326664,22.807867156326665,5.933177384799518,0.7398626822870759
2025-01-14,0.17804632318785196,0.22261928749655202,22.2619287496552,3.993965880755715,0.8205921002771346
2025-01-15,0.18093075110574222,0.2577715921262259,25.777159212622593,5.713402341806195,0.7783540732832791
2025-01-16,0.17737963156915934,0.1430803025531822,14.308030255318219,2.558213682864391,0.8212043420921956
2025-01-17,0.1749127116534813,0.21541349888209288,21.54134988820929,5.657560597594468,0.7373627638493004
2025-01-20,0.1740885810929813,0.24152798571233736,24.152798571233735,2.9757398527464285,0.8767952357996903
2025-01-21,0.1718902280516684,0.17870216616922333,17.87021661692233,4.887374309599332,0.7265072710438665
2025-01-22,0.17283733601803714,0.2193615627741511,21.936156277415108,2.761924548748593,0.8740925933504495
2025-01-23,0.17192571846019553,0.1426528355563228,14.26528355563228,1.6916107741259012,0.8814176551395635
2025-01-24,0.17438916672014482,0.24488599541640516,24.488599541640514,4.622879611906411,0.8112231937132359
2025-01-27,0.17475266654796204,0.20155162956285622,20.155162956285622,2.2977288854755558,0.8859980000926273
2025-01-28,0.1709764811713493,0.11171437799007801,11.171437799007801,-0.3680349373701611,1.0329442766447527
2025-01-29,0.17145487112987107,0.24327231646831649,24.32723164683165,1.668274229002964,0.9314235892837301
2025-01-30,0.17158551374678974,0.1813120680376481,18.13120680376481,3.069573110957008,0.8307022172225385
2025-01-31,0.1671989594496966,0.17326158660265178,17.32615866026518,2.5671684083227038,0.8518328004112014
2025-02-03,0.16809742192259852,0.21229688682625183,21.229688682625184,2.4274118937014117,0.8856595624179805
2025-02-04,0.17032600219645974,0.284973385871756,28.4973385871756,5.902789189460742,0.7928652469982892
2025-02-05,0.1698143638348777,0.14506460045762415,14.506460045762415,0.5697473216760035,0.9607245792647782
2025-02-06,0.17454944975891756,0.2353716634349817,23.53716634349817,5.290446944106283,0.7752300822070836
2025-02-07,0.17368234709981187,0.21168425336983085,21.168425336983084,1.4531593356607946,0.9313525067392708
2025-02-10,0.17359903607156563,0.26056283940838765,26.056283940838764,5.283861511786189,0.7972135426608304
2025-02-11,0.17447097723803312,0.20176209598990094,20.176209598990095,1.4704433778811947,0.927119939418413
2025-02-12,0.1736442752260175,0.20925163953336307,20.925163953336305,4.393275309669598,0.7900482252150223
2025-02-13,0.17108517153391686,0.1634070787482356,16.34070787482356,1.651068757418439,0.8989597776261411
2025-02-14,0.17422553294331294,0.22712791126133874,22.712791126133876,4.368215593948377,0.8076759668290083
2025-02-17,0.1731910827820952,0.1844204628867838,18.44204628867838,4.730602336620807,0.7434882082730192
2025-02-18,0.16611372056663531,0.11135126055150885,11.135126055150884,4.820527989129316,0.5670881528189403
2025-02-19,0.16933438576154372,0.2305279493733972,23.052794937339723,3.3065557207090506,0.8565659509097848
2025-02-20,0.17049700844520005,0.2460705149094542,24.60705149094542,2.99131212660064,0.8784367916773229
2025-02-21,0.1685801501005935,0.11230390319444242,11.230390319444242,2.6821200616115966,0.7611730326979119
2025-02-24,0.16576841545841547,0.1760682312761535,17.60682312761535,3.6457459464551034,0.7929356181958261
2025-02-25,0.1670156454456587,0.26167521504470953,26.167521504470955,5.690904460450163,0.7825203101685492
2025-02-26,0.17401112598969146,0.30532547651338443,30.532547651338444,4.302565772491645,0.859082647749408
2025-02-27,0.17183218190058333,0.19769904874254893,19.76990487425489,1.6867300435532613,0.9146819342692041
2025-02-28,0.17184473168261935,0.19396357186033625,19.396357186033626,4.308368950950165,0.7778774174125639
2025-03-03,0.17303969548435183,0.1728850820012677,17.28850820012677,0.02009396454613066,0.9988377271009431
2025-03-04,0.17527647114514655,0.29303286217633184,29.303286217633186,5.803780541040446,0.8019409666910315
2025-03-05,0.17185818251933085,0.17270962333501166,17.270962333501167,1.8548190499993096,0.8926047654911826
2025-03-06,0.17227081073328923,0.1440083978084588,14.400839780845882,-0.40239219255310266,1.0279422727199778
2025-03-07,0.17123381383418443,0.17696562035345065,17.696562035345064,1.627536124073195,0.9080309429129487
2025-03-10,0.1686011564844906,0.1734629138828481,17.34629138828481,3.159605821319658,0.8178512195722962
2025-03-11,0.16751461307255086,0.20938915922696236,20.938915922696236,2.448234658717055,0.8830772964677054
2025-03-12,0.17027315955482197,0.25627107727748494,25.627107727748495,1.1283938938702525,0.955968738030923
2025-03-13,0.17158764929234455,0.23286335271820005,23.286335271820004,3.9940181793558907,0.8284823209520109
2025-03-14,0.17268333828000632,0.2013672692744794,20.13672692744794,3.14614093595309,0.8437610567353598
2025-03-17,0.17196342370484077,0.2093453248430495,20.93453248430495,4.101777559967126,0.8040664360170301
2025-03-18,0.17102808694920066,0.14452898629207428,14.452898629207429,2.7056618639940564,0.8127945173208185
2025-03-19,0.17827467792185164,0.2697832414921912,26.97832414921912,5.445885040630483,0.7981384977617999
2025-03-20,0.1772948741100984,0.22205605158210817,22.205605158210815,4.516953946262026,0.7965849651887635
2025-03-21,0.17522932219642826,0.1947334969546199,19.473349695461987,2.1952693498244913,0.8872680158187644
2025-03-24,0.18581225553621245,0.3255371394692651,32.55371394692651,1.7812836755470685,0.9452817064605544
2025-03-25,0.1883046052754041,0.21926221755891273,21.926221755891273,2.731210122428529,0.875436354113554
2025-03-26,0.18569328087330814,0.17815955913944548,17.81595591394455,2.8231201143252864,0.8415397900644989
2025-03-27,0.1809621321763229,0.18547828056403157,18.547828056403155,2.2532584412253307,0.8785163182247934
2025-03-28,0.1831100407506493,0.2735866639422426,27.35866639422426,4.764883557437244,0.8258364099778209
2025-03-31,0.18471246618258622,0.17518855947995784,17.518855947995785,-0.9342256941552718,1.05332686660182
2025-04-01,0.18232126325456235,0.18943382186851357,18.943382186851355,6.696494100120824,0.6464995514492192
2025-04-02,0.18145336328394718,0.23889603866202766,23.889603866202766,2.2126881279019517,0.9073786179003036
2025-04-03,0.18141111584315772,0.1792948627820119,17.92948627820119,2.602062620357165,0.8548724386196846
2025-04-04,0.18650157257242975,0.29151199183926074,29.151199183926074,3.6580080790558913,0.8745160342812617
2025-04-07,0.1894783184541377,0.24693195865189257,24.693195865189256,2.373003602330664,0.903900507034978
2025-04-08,0.1904421407638519,0.17466379105630558,17.46637910563056,1.2556666882655638,0.9281095022230005
2025-04-09,0.19264851418430964,0.2713728919031989,27.13728919031989,4.013223743379441,0.8521140518040029
2025-04-10,0.1896831371406103,0.227855281896981,22.785528189698102,4.51410614758849,0.801887140381085
2025-04-11,0.19069207885871733,0.250897471611257,25.089747161125697,3.6786524606368194,0.8533802498282422
2025-04-14,0.19209605280047118,0.23769844517070082,23.769844517070084,3.8309132478921843,0.8388330539923788
2025-04-15,0.1910397758746134,0.1578364792126862,15.78364792126862,1.1690745412321153,0.9259312836257089
2025-04-16,0.19279147297247853,0.19944927788675712,19.944927788675713,4.519127117945562,0.7734197302779194
2025-04-17,0.19307118923997185,0.24133926342126014,24.133926342126014,2.0140830718013705,0.9165455697821632
2025-04-18,0.19258178326836475,0.201816971449758,20.1816971449758,3.520798473401962,0.8255449753254047
2025-04-21,0.19215670031664783,0.15973028418921031,15.973028418921032,-0.4123777281109797,1.0258171285554398
2025-04-22,0.18425530956008743,0.15853906119470715,15.853906119470714,1.6743964368681281,0.8943858741025503
2025-04-23,0.1844931117643308,0.23610709186639714,23.610709186639713,3.916312924265872,0.8341298055340944
2025-04-24,0.18985371361068953,0.2933209951170909,29.332099511709092,3.08199983473651,0.8949274042416839
2025-04-25,0.1886324272905967,0.18266551410215615,18.266551410215616,4.536683067232705,0.7516398708573117
2025-04-28,0.18649104395245578,0.20244909068105765,20.244909068105766,2.148031241414733,0.8938977085948593
2025-04-29,0.18896523470460372,0.24596087374915682,24.596087374915683,0.947205153253966,0.961489600406121
2025-04-30,0.19155311391807353,0.20509481672968413,20.509481672968413,2.8280472379512753,0.8621102530504876
2025-05-01,0.19066386222602502,0.2224852662333687,22.24852662333687,2.4390394383379337,0.8903729905521212
2025-05-02,0.1899129109067719,0.17825140095504366,17.825140095504366,4.074714208091884,0.7714063291362542
2025-05-05,0.1871605477086578,0.23352530534010452,23.35253053401045,3.639302145179857,0.8441581249672448
2025-05-06,0.18474684803109742,0.16912456003781204,16.912456003781205,-0.33896693620059926,1.0200424430446302
2025-05-07,0.18747647068126622,0.2529960175244507,25.29960175244507,3.3566817697256224,0.8673227427620983
2025-05-08,0.18729812723332268,0.23732071702720048,23.73207170272005,0.9825274964610442,0.9585991687211853
2025-05-09,0.19210138081711545,0.2783149839710155,27.83149839710155,-0.526756170972903,1.0189266191657063
2025-05-12,0.19158111319443233,0.2084880513015765,20.84880513015765,0.5302724373033474,0.9745658116140041
2025-05-13,0.19127837700259936,0.2266353891474484,22.66353891474484,3.360353648416176,0.8517286439219809
2025-05-14,0.19326074072939597,0.24316285162214046,24.316285162214047,5.538747955904702,0.7722206365423135
2025-05-15,0.19381385223321837,0.1788554013479427,17.88554013479427,1.298205306037023,0.9274159295020946
2025-05-16,0.19249675323489554,0.21436067089911404,21.436067089911404,2.082131716064639,0.9028678298434434
2025-05-19,0.19257175118150038,0.2066033987752312,20.66033987752312,3.84194551807924,0.8140424823185516
2025-05-20,0.19366148344723677,0.20707664183434418,20.707664183434417,2.0338202783559605,0.9017841770882608
2025-05-21,0.19799047414239354,0.26519763427702997,26.519763427702998,3.2493732852711594,0.8774735191688472
2025-05-22,0.19526639484549238,0.1566406581078283,15.664065810782828,1.6902360719013938,0.8920946775684593
2025-05-23,0.19350897321098934,0.242419629424695,24.2419629424695,1.6824486979533178,0.9305976705786545
2025-05-26,0.19805115984259722,0.25467614189170057,25.467614189170057,2.1991539198105983,0.9136490012972721
2025-05-27,0.19778013511180895,0.21702283619422805,21.702283619422804,4.174557727387121,0.8076443105899218
2025-05-28,0.19104856281766797,0.14002711293470807,14.002711293470806,4.490130889505187,0.6793384655728175
2025-05-29,0.1900425045398609,0.1925645510897389,19.256455108973892,3.6877430573516223,0.8084931501419979
2025-05-30,0.19165130977854924,0.23677217501770534,23.677217501770535,0.48923931552609656,0.9793371279589963
2025-06-02,0.19363135828492636,0.21567220960789543,21.567220960789545,3.658693209985073,0.8303586161315457
2025-06-03,0.19091210241920717,0.14681928485450682,14.681928485450682,0.6791374146303264,0.9537433099947783
2025-06-04,0.19030709164544785,0.20634196720928671,20.63419672092867,4.653296405841542,0.7744861857829514
2025-06-05,0.1900306917041615,0.23545508132642656,23.545508132642656,2.183028026624445,0.9072847349767758
2025-06-06,0.18881040125965987,0.21219388742750228,21.21938874275023,1.0324544699447102,0.9513438166168922
2025-06-09,0.18342279032406308,0.17911932331314645,17.911932331314645,0.8676607279934218,0.9515596245036875
2025-06-10,0.1816200139716283,0.1676067180025666,16.76067180025666,0.22796944751541093,0.986398549519243
2025-06-11,0.18025324356091213,0.22337881097343568,22.33788109734357,5.904913693518857,0.735654708350065
2025-06-12,0.17812601596838673,0.17571427153995228,17.571427153995227,3.2610678919892386,0.81441075540368
2025-06-13,0.1818756197441584,0.28984999865764316,28.984999865764316,4.5234971078865485,0.8439366179459782
2025-06-16,0.18061694486287644,0.20184282228067482,20.18428222806748,3.4735641049128434,0.8279074744564046
2025-06-17,0.18349801139804697,0.2535915691551985,25.359156915519847,2.490522832217862,0.9017899987560841
2025-06-18,0.18607487820881427,0.2375157392980109,23.75157392980109,-0.3336902778887152,1.0140491859139504
2025-06-19,0.18546671318508093,0.23806334556589737,23.806334556589736,1.813090963997896,0.9238399779819938
2025-06-20,0.18656180318996016,0.21163562347688666,21.163562347688668,4.890043598560862,0.7689404308110295
2025-06-23,0.185159615626546,0.2036610100411529,20.36610100411529,0.7511806427688505,0.9631161289724989
2025-06-24,0.1826047381527731,0.23969990654155632,23.96999065415563,6.066773079719298,0.746901316431364
2025-06-25,0.18110829370755585,0.17837293903386872,17.837293903386872,3.4521013463073844,0.8064672048907646
2025-06-26,0.1857677492898991,0.258136636066962,25.813663606696203,6.5162264798097915,0.747566770099249
2025-06-27,0.1846797153773936,0.16025563735122625,16.025563735122624,2.7417228997618364,0.8289156659273766
2025-06-30,0.18447149602863258,0.2808072004575201,28.08072004575201,5.330002491905756,0.8101899636753771
